"AbundanceID","CensusID","SpeciesID","BlockID","PlotID","CountTypeID","Count","Subsample","SubsampleSize","CountComment"
1,1,132,4,2,1,9,FALSE,1,
2,1,132,4,3,1,1,FALSE,1,
3,1,132,5,3,1,18,FALSE,1,
4,1,132,5,5,1,13,FALSE,1,
6,1,382,4,2,1,251,FALSE,1,
7,1,382,4,3,1,176,FALSE,1,
8,1,382,5,3,1,617,FALSE,1,
9,1,382,5,5,1,524,FALSE,1,
10,1,382,6,1,1,117,FALSE,1,
11,1,382,6,5,1,212,FALSE,1,
12,1,384,4,2,1,2,FALSE,1,
13,1,384,4,3,1,3,FALSE,1,
14,1,384,5,3,1,4,FALSE,1,
15,1,384,5,5,1,6,FALSE,1,
16,1,385,4,2,1,66,FALSE,1,
17,1,385,4,3,1,20,FALSE,1,
18,1,385,5,3,1,323,FALSE,1,
19,1,385,5,5,1,149,FALSE,1,
20,1,385,6,1,1,7,FALSE,1,
21,1,385,6,5,1,15,FALSE,1,
22,1,386,4,2,1,4,FALSE,1,
24,1,386,5,3,1,6,FALSE,1,
25,1,386,5,5,1,9,FALSE,1,
26,1,386,6,5,1,2,FALSE,1,
27,1,396,5,3,1,1,FALSE,1,
28,1,396,5,5,1,2,FALSE,1,
29,1,50,4,2,1,3,FALSE,1,
30,1,50,5,3,1,1,FALSE,1,
31,1,143,4,3,1,1,FALSE,1,
32,1,143,5,3,1,1,FALSE,1,
33,1,357,4,2,1,1,FALSE,1,
34,1,357,5,5,1,1,FALSE,1,
35,1,323,4,3,1,1,FALSE,1,
36,1,358,4,2,1,26,FALSE,1,
37,1,358,4,3,1,28,FALSE,1,
38,1,358,5,3,1,7,FALSE,1,
39,1,358,5,5,1,8,FALSE,1,
40,1,358,6,1,1,19,FALSE,1,
41,1,358,6,5,1,17,FALSE,1,
42,1,360,4,2,1,2,FALSE,1,
43,1,360,4,3,1,1,FALSE,1,
44,1,360,6,1,1,1,FALSE,1,
45,1,361,4,2,1,3,FALSE,1,
46,1,361,4,3,1,9,FALSE,1,
47,1,361,5,3,1,4,FALSE,1,
48,1,361,5,5,1,5,FALSE,1,
49,1,361,6,1,1,10,FALSE,1,
50,1,361,6,5,1,6,FALSE,1,
51,1,137,4,2,1,1,FALSE,1,
52,1,137,4,3,1,4,FALSE,1,
53,1,137,5,3,1,2,FALSE,1,
54,1,137,6,1,1,3,FALSE,1,
55,1,137,6,5,1,11,FALSE,1,
56,1,135,4,2,1,97,FALSE,1,
57,1,135,4,3,1,363,FALSE,1,
58,1,135,5,3,1,279,FALSE,1,
59,1,135,5,5,1,51,FALSE,1,
60,1,135,6,1,1,297,FALSE,1,
61,1,135,6,5,1,354,FALSE,1,
62,1,183,4,2,1,12,FALSE,1,
63,1,183,4,3,1,3,FALSE,1,
64,1,183,5,3,1,7,FALSE,1,
65,1,183,5,5,1,12,FALSE,1,
66,1,183,6,5,1,10,FALSE,1,
67,1,394,6,1,1,2,FALSE,1,
68,1,214,6,1,1,0.5,FALSE,1,
69,1,213,5,5,1,0.1,FALSE,1,
70,3,132,1,2,1,4,FALSE,1,
71,3,132,2,3,1,1,FALSE,1,
72,3,132,2,5,1,13,FALSE,1,
73,3,132,3,1,1,1,FALSE,1,
74,3,132,3,5,1,20,FALSE,1,
75,3,382,1,1,1,4,FALSE,1,
76,3,382,1,2,1,265,FALSE,1,
77,3,382,2,3,1,134,FALSE,1,
78,3,382,2,5,1,475,FALSE,1,
79,3,382,3,1,1,185,FALSE,1,
80,3,382,3,5,1,411,FALSE,1,
81,3,385,1,2,1,25,FALSE,1,
82,3,385,2,3,1,33,FALSE,1,
83,3,385,2,5,1,23,FALSE,1,
84,3,385,3,1,1,15,FALSE,1,
85,3,385,3,5,1,183,FALSE,1,
86,3,384,1,2,1,9,FALSE,1,
87,3,384,2,3,1,3,FALSE,1,
88,3,384,2,5,1,5,FALSE,1,
89,3,384,3,1,1,4,FALSE,1,
90,3,384,3,5,1,2,FALSE,1,
91,3,391,2,5,1,3,FALSE,1,
92,3,386,1,1,1,2,FALSE,1,
93,3,386,1,2,1,2,FALSE,1,
94,3,386,2,3,1,3,FALSE,1,
95,3,386,2,5,1,4,FALSE,1,
96,3,386,3,5,1,2,FALSE,1,
97,3,50,2,3,1,2,FALSE,1,
98,3,50,2,5,1,1,FALSE,1,
99,3,50,3,5,1,1,FALSE,1,
100,3,143,2,3,1,1,FALSE,1,
101,3,378,2,3,1,1,FALSE,1,
102,3,357,1,1,1,1,FALSE,1,
103,3,362,2,5,1,1,FALSE,1,
104,3,40,2,5,1,1,FALSE,1,
105,3,39,3,5,1,2,FALSE,1,
106,3,323,2,3,1,2,FALSE,1,
107,3,323,2,5,1,2,FALSE,1,
108,3,163,2,5,1,1,FALSE,1,
109,3,24,2,5,1,1,FALSE,1,
110,3,358,1,1,1,2,FALSE,1,
111,3,358,1,2,1,21,FALSE,1,
112,3,358,2,3,1,17,FALSE,1,
113,3,358,2,5,1,2,FALSE,1,
114,3,358,3,5,1,6,FALSE,1,
115,3,360,1,1,1,2,FALSE,1,
116,3,360,1,2,1,2,FALSE,1,
117,3,361,1,1,1,1,FALSE,1,
118,3,361,1,2,1,12,FALSE,1,
119,3,361,2,3,1,14,FALSE,1,
120,3,361,2,5,1,2,FALSE,1,
121,3,361,3,1,1,1,FALSE,1,
122,3,361,3,5,1,3,FALSE,1,
123,3,137,1,1,1,37,FALSE,1,
124,3,137,1,2,1,44,FALSE,1,
125,3,137,2,5,1,1,FALSE,1,
126,3,137,3,1,1,1,FALSE,1,
127,3,137,3,5,1,4,FALSE,1,
128,3,135,1,1,1,119,FALSE,1,
129,3,135,1,2,1,341,FALSE,1,
130,3,135,2,3,1,327,FALSE,1,
131,3,135,2,5,1,17,FALSE,1,
132,3,135,3,1,1,147,FALSE,1,
133,3,135,3,5,1,318,FALSE,1,
134,3,183,1,2,1,1,FALSE,1,
135,3,183,2,3,1,1,FALSE,1,
136,3,183,2,5,1,20,FALSE,1,
137,3,183,3,1,1,2,FALSE,1,
138,3,183,3,5,1,10,FALSE,1,
139,3,78,3,5,1,1,FALSE,1,
140,3,214,1,2,1,0.5,FALSE,1,
141,3,84,2,3,1,0.1,FALSE,1,
142,3,84,2,5,1,0.1,FALSE,1,
143,4,393,2,4,1,1,FALSE,1,
144,4,382,2,1,1,488,FALSE,1,
145,4,382,2,2,1,259,FALSE,1,
146,4,382,2,4,1,247,FALSE,1,
147,4,382,2,6,1,396,FALSE,1,
148,4,385,2,1,1,67,FALSE,1,
149,4,385,2,2,1,18,FALSE,1,
150,4,385,2,4,1,98,FALSE,1,
151,4,385,2,6,1,84,FALSE,1,
152,4,384,2,1,1,24,FALSE,1,
153,4,384,2,2,1,8,FALSE,1,
154,4,384,2,4,1,17,FALSE,1,
155,4,384,2,6,1,8,FALSE,1,
156,4,391,2,1,1,1,FALSE,1,
157,4,391,2,2,1,1,FALSE,1,
158,4,386,2,1,1,6,FALSE,1,
159,4,386,2,2,1,3,FALSE,1,
160,4,386,2,4,1,1,FALSE,1,
161,4,386,2,6,1,9,FALSE,1,
162,4,396,2,2,1,1,FALSE,1,
163,4,396,2,6,1,1,FALSE,1,
164,4,50,2,1,1,1,FALSE,1,
165,4,50,2,6,1,1,FALSE,1,
166,4,143,2,1,1,1,FALSE,1,
167,4,143,2,2,1,1,FALSE,1,
168,4,143,2,4,1,1,FALSE,1,
169,4,143,2,6,1,1,FALSE,1,
170,4,357,2,2,1,1,FALSE,1,
171,4,163,2,1,1,2,FALSE,1,
172,4,163,2,2,1,1,FALSE,1,
173,4,163,2,6,1,1,FALSE,1,
174,4,323,2,1,1,2,FALSE,1,
175,4,24,2,2,1,1,FALSE,1,
176,4,24,2,4,1,1,FALSE,1,
177,4,24,2,6,1,1,FALSE,1,
178,4,358,2,1,1,3,FALSE,1,
179,4,358,2,2,1,14,FALSE,1,
180,4,358,2,4,1,18,FALSE,1,
181,4,358,2,6,1,5,FALSE,1,
182,4,360,2,1,1,2,FALSE,1,
183,4,360,2,2,1,2,FALSE,1,
184,4,360,2,3,1,5,FALSE,1,
185,4,361,2,1,1,16,FALSE,1,
186,4,361,2,2,1,12,FALSE,1,
187,4,361,2,4,1,21,FALSE,1,
188,4,361,2,6,1,3,FALSE,1,
189,4,137,2,2,1,1,FALSE,1,
190,4,135,2,1,1,357,FALSE,1,
191,4,135,2,2,1,118,FALSE,1,
192,4,135,2,4,1,351,FALSE,1,
193,4,135,2,6,1,15,FALSE,1,
194,4,183,2,1,1,7,FALSE,1,
195,4,183,2,2,1,11,FALSE,1,
196,4,183,2,6,1,13,FALSE,1,
197,4,394,2,1,1,1,FALSE,1,
198,4,214,2,6,1,0.1,FALSE,1,
199,4,84,2,4,1,0.1,FALSE,1,
200,4,84,2,6,1,1,FALSE,1,
201,5,382,1,3,1,63,FALSE,1,
202,5,382,1,4,1,25,FALSE,1,
203,5,382,1,5,1,62,FALSE,1,
204,5,382,1,6,1,144,FALSE,1,
205,5,391,1,3,1,18,FALSE,1,
206,5,391,1,4,1,3,FALSE,1,
207,5,391,1,6,1,15,FALSE,1,
208,5,390,1,3,1,1,FALSE,1,
209,5,390,1,6,1,1,FALSE,1,
210,5,386,1,3,1,6,FALSE,1,
211,5,386,1,4,1,16,FALSE,1,
212,5,386,1,5,1,4,FALSE,1,
213,5,386,1,6,1,3,FALSE,1,
214,5,358,1,3,1,25,FALSE,1,
215,5,358,1,4,1,24,FALSE,1,
216,5,358,1,5,1,22,FALSE,1,
217,5,358,1,6,1,27,FALSE,1,
218,5,360,1,4,1,1,FALSE,1,
219,5,360,1,5,1,2,FALSE,1,
220,5,361,1,3,1,3,FALSE,1,
221,5,361,1,4,1,7,FALSE,1,
222,5,361,1,5,1,8,FALSE,1,
223,5,361,1,6,1,7,FALSE,1,
224,5,137,1,3,1,17,FALSE,1,
225,5,137,1,4,1,18,FALSE,1,
226,5,137,1,5,1,29,FALSE,1,
227,5,137,1,6,1,5,FALSE,1,
228,5,135,1,3,1,307,FALSE,1,
229,5,135,1,4,1,490,FALSE,1,
230,5,135,1,5,1,915,FALSE,1,
231,5,135,1,6,1,390,FALSE,1,
232,5,183,1,3,1,1,FALSE,1,
233,5,183,1,6,1,2,FALSE,1,
234,5,394,1,4,1,1,FALSE,1,
235,5,394,1,5,1,1,FALSE,1,
236,7,382,3,2,1,342,FALSE,1,
237,7,382,3,3,1,169,FALSE,1,
238,7,382,3,4,1,515,FALSE,1,
239,7,382,3,6,1,298,FALSE,1,
240,7,385,3,2,1,192,FALSE,1,
241,7,385,3,3,1,129,FALSE,1,
242,7,385,3,4,1,153,FALSE,1,
243,7,385,3,6,1,191,FALSE,1,
244,7,384,3,2,1,11,FALSE,1,
245,7,384,3,3,1,2,FALSE,1,
246,7,384,3,4,1,6,FALSE,1,
247,7,384,3,6,1,2,FALSE,1,
248,7,386,3,2,1,1,FALSE,1,
249,7,386,3,3,1,4,FALSE,1,
250,7,386,3,6,1,7,FALSE,1,
251,7,396,3,6,1,2,FALSE,1,
252,7,50,3,2,1,1,FALSE,1,
253,7,50,3,4,1,1,FALSE,1,
254,7,50,3,6,1,3,FALSE,1,
255,7,357,3,2,1,1,FALSE,1,
256,7,357,3,4,1,1,FALSE,1,
257,7,362,3,4,1,1,FALSE,1,
258,7,39,3,3,1,1,FALSE,1,
259,7,163,3,6,1,1,FALSE,1,
260,7,358,3,2,1,12,FALSE,1,
261,7,358,3,3,1,7,FALSE,1,
262,7,358,3,4,1,7,FALSE,1,
263,7,358,3,6,1,2,FALSE,1,
264,7,359,3,3,1,1,FALSE,1,
265,7,359,3,6,1,1,FALSE,1,
266,7,360,3,2,1,1,FALSE,1,
267,7,360,3,3,1,1,FALSE,1,
268,7,360,3,4,1,1,FALSE,1,
269,7,361,3,2,1,12,FALSE,1,
270,7,361,3,3,1,1,FALSE,1,
271,7,361,3,4,1,7,FALSE,1,
272,7,137,3,2,1,14,FALSE,1,
273,7,137,3,3,1,5,FALSE,1,
274,7,137,3,4,1,24,FALSE,1,
275,7,137,3,6,1,5,FALSE,1,
276,7,135,3,2,1,332,FALSE,1,
277,7,135,3,3,1,276,FALSE,1,
278,7,135,3,4,1,354,FALSE,1,
279,7,135,3,6,1,273,FALSE,1,
280,7,183,3,3,1,2,FALSE,1,
281,7,183,3,4,1,3,FALSE,1,
282,7,183,3,6,1,1,FALSE,1,
283,7,394,3,2,1,2,FALSE,1,
284,7,394,3,3,1,1,FALSE,1,
285,7,394,3,4,1,2,FALSE,1,
286,8,382,5,1,1,472,FALSE,1,
287,8,382,5,2,1,285,FALSE,1,
288,8,382,5,4,1,814,FALSE,1,
289,8,382,5,6,1,209,FALSE,1,
290,8,385,5,1,1,113,FALSE,1,
291,8,385,5,2,1,144,FALSE,1,
292,8,385,5,4,1,227,FALSE,1,
293,8,385,5,6,1,108,FALSE,1,
294,8,384,5,1,1,3,FALSE,1,
295,8,384,5,2,1,3,FALSE,1,
296,8,384,5,4,1,15,FALSE,1,
297,8,384,5,6,1,7,FALSE,1,
298,8,386,5,1,1,7,FALSE,1,
299,8,386,5,2,1,9,FALSE,1,
300,8,386,5,4,1,2,FALSE,1,
302,8,396,5,4,1,1,FALSE,1,
303,8,50,5,4,1,1,FALSE,1,
304,8,50,5,6,1,1,FALSE,1,
305,8,357,5,1,1,1,FALSE,1,
306,8,357,5,2,1,1,FALSE,1,
307,8,323,5,6,1,1,FALSE,1,
308,8,358,5,1,1,2,FALSE,1,
309,8,358,5,2,1,10,FALSE,1,
310,8,358,5,4,1,5,FALSE,1,
311,8,358,5,6,1,16,FALSE,1,
312,8,359,5,1,1,2,FALSE,1,
313,8,360,5,1,1,1,FALSE,1,
314,8,360,5,2,1,1,FALSE,1,
315,8,361,5,1,1,6,FALSE,1,
316,8,361,5,2,1,5,FALSE,1,
317,8,361,5,4,1,4,FALSE,1,
318,8,361,5,6,1,2,FALSE,1,
319,8,137,5,1,1,2,FALSE,1,
320,8,137,5,2,1,1,FALSE,1,
321,8,135,5,1,1,188,FALSE,1,
322,8,135,5,2,1,153,FALSE,1,
323,8,135,5,4,1,272,FALSE,1,
324,8,135,5,6,1,97,FALSE,1,
325,8,183,5,1,1,7,FALSE,1,
326,8,183,5,2,1,9,FALSE,1,
327,8,183,5,4,1,3,FALSE,1,
328,8,183,5,6,1,6,FALSE,1,
329,8,394,5,1,1,1,FALSE,1,
330,8,394,5,4,1,2,FALSE,1,
331,8,213,5,6,1,0.1,FALSE,1,
332,8,214,5,2,1,0.1,FALSE,1,
333,1,394,5,5,1,1,FALSE,1,
334,1,213,5,5,1,0.1,FALSE,1,
335,9,382,4,1,1,228,FALSE,1,
336,9,382,4,4,1,79,FALSE,1,
337,9,382,4,5,1,107,FALSE,1,
338,9,382,4,6,1,371,FALSE,1,
339,9,385,4,1,1,30,FALSE,1,
340,9,385,4,4,1,80,FALSE,1,
341,9,385,4,5,1,27,FALSE,1,
342,9,385,4,6,1,64,FALSE,1,
343,9,384,4,1,1,2,FALSE,1,
344,9,384,4,4,1,2,FALSE,1,
345,9,384,4,5,1,1,FALSE,1,
346,9,384,4,6,1,2,FALSE,1,
347,9,386,4,1,1,3,FALSE,1,
348,9,386,4,4,1,10,FALSE,1,
349,9,386,4,5,1,9,FALSE,1,
350,9,386,4,6,1,9,FALSE,1,
351,9,396,4,6,1,1,FALSE,1,
352,9,50,4,6,1,1,FALSE,1,
353,9,357,4,1,1,1,FALSE,1,
354,9,357,4,4,1,1,FALSE,1,
355,9,357,4,6,1,2,FALSE,1,
356,9,40,4,4,1,3,FALSE,1,
357,9,39,4,6,1,2,FALSE,1,
358,9,163,4,6,1,1,FALSE,1,
359,9,358,4,1,1,30,FALSE,1,
360,9,358,4,4,1,12,FALSE,1,
361,9,358,4,5,1,34,FALSE,1,
362,9,358,4,6,1,15,FALSE,1,
363,9,360,4,5,1,2,FALSE,1,
364,9,360,4,6,1,1,FALSE,1,
365,9,361,4,1,1,10,FALSE,1,
366,9,361,4,4,1,8,FALSE,1,
367,9,361,4,5,1,7,FALSE,1,
368,9,361,4,6,1,9,FALSE,1,
369,9,137,4,1,1,9,FALSE,1,
370,9,137,4,5,1,3,FALSE,1,
371,9,135,4,1,1,204,FALSE,1,
372,9,135,4,4,1,48,FALSE,1,
373,9,135,4,5,1,143,FALSE,1,
374,9,135,4,6,1,17,FALSE,1,
375,9,183,4,1,1,4,FALSE,1,
376,9,183,4,4,1,7,FALSE,1,
377,9,183,4,5,1,2,FALSE,1,
378,9,183,4,6,1,5,FALSE,1,
379,9,214,4,6,1,0.1,FALSE,1,
380,10,382,6,2,1,125,FALSE,1,
381,10,382,6,3,1,111,FALSE,1,
382,10,382,6,4,1,181,FALSE,1,
383,10,382,6,6,1,229,FALSE,1,
384,10,385,6,2,1,48,FALSE,1,
385,10,385,6,3,1,30,FALSE,1,
386,10,385,6,4,1,42,FALSE,1,
387,10,385,6,6,1,32,FALSE,1,
388,10,384,6,2,1,6,FALSE,1,
389,10,384,6,3,1,5,FALSE,1,
390,10,384,6,6,1,2,FALSE,1,
391,10,386,6,3,1,1,FALSE,1,
392,10,386,6,4,1,5,FALSE,1,
393,10,50,6,4,1,2,FALSE,1,
394,10,357,6,2,1,1,FALSE,1,
395,10,357,6,3,1,1,FALSE,1,
396,10,358,6,2,1,14,FALSE,1,
397,10,358,6,3,1,15,FALSE,1,
398,10,358,6,4,1,15,FALSE,1,
399,10,358,6,6,1,13,FALSE,1,
400,10,359,6,6,1,1,FALSE,1,
401,10,360,6,4,1,1,FALSE,1,
402,10,361,6,2,1,7,FALSE,1,
403,10,361,6,3,1,1,FALSE,1,
404,10,361,6,4,1,1,FALSE,1,
405,10,361,6,6,1,13,FALSE,1,
406,10,137,6,2,1,1,FALSE,1,
407,10,137,6,4,1,4,FALSE,1,
408,10,135,6,2,1,239,FALSE,1,
409,10,135,6,3,1,59,FALSE,1,
410,10,135,6,4,1,113,FALSE,1,
411,10,135,6,6,1,13,FALSE,1,
412,10,183,6,2,1,2,FALSE,1,
413,10,183,6,3,1,5,FALSE,1,
414,10,183,6,4,1,12,FALSE,1,
415,10,183,6,6,1,16,FALSE,1,
416,10,394,6,6,1,2,FALSE,1,
417,10,213,6,3,1,0.1,FALSE,1,
418,11,132,1,2,1,1,FALSE,1,
419,11,132,1,3,1,2,FALSE,1,
420,11,382,1,1,1,36,FALSE,1,
421,11,382,1,2,1,195,FALSE,1,
422,11,382,1,3,1,73,FALSE,1,
423,11,382,1,4,1,52,FALSE,1,
424,11,385,1,1,1,1,FALSE,1,
425,11,385,1,2,1,3,FALSE,1,
426,11,385,1,3,1,7,FALSE,1,
427,11,385,1,4,1,3,FALSE,1,
428,11,391,1,1,1,5,FALSE,1,
429,11,390,1,1,1,1,FALSE,1,
430,11,386,1,1,1,9,FALSE,1,
431,11,386,1,2,1,5,FALSE,1,
432,11,386,1,3,1,4,FALSE,1,
433,11,50,1,1,1,1,FALSE,1,
434,11,50,1,2,1,1,FALSE,1,
435,11,50,1,3,1,2,FALSE,1,
436,11,143,1,2,1,2,FALSE,1,
437,11,378,1,2,1,1,FALSE,1,
438,11,357,1,4,1,1,FALSE,1,
439,11,163,1,1,1,1,FALSE,1,
440,11,163,1,2,1,1,FALSE,1,
441,11,323,1,4,1,1,FALSE,1,
442,11,358,1,1,1,6,FALSE,1,
443,11,358,1,2,1,14,FALSE,1,
444,11,358,1,3,1,7,FALSE,1,
445,11,359,1,2,1,2,FALSE,1,
446,11,360,1,4,1,2,FALSE,1,
447,11,361,1,2,1,8,FALSE,1,
448,11,361,1,3,1,9,FALSE,1,
449,11,361,1,4,1,9,FALSE,1,
450,11,137,1,2,1,23,FALSE,1,
451,11,137,1,3,1,16,FALSE,1,
452,11,137,1,4,1,11,FALSE,1,
453,11,135,1,1,1,15,FALSE,1,
454,11,135,1,2,1,315,FALSE,1,
455,11,135,1,3,1,149,FALSE,1,
456,11,135,1,4,1,88,FALSE,1,
457,11,183,1,1,1,34,FALSE,1,
458,11,183,1,2,1,13,FALSE,1,
459,11,183,1,3,1,6,FALSE,1,
460,11,183,1,4,1,13,FALSE,1,
461,11,342,1,4,1,3,FALSE,1,
462,11,214,1,2,1,5,FALSE,1,"all on mussels"
463,11,214,1,3,1,5,FALSE,1,"all on mussels"
464,11,214,1,4,1,5,FALSE,1,"all on mussels"
465,11,84,1,1,1,0.1,FALSE,1,
466,11,84,1,2,1,0.1,FALSE,1,
467,11,84,1,3,1,0.5,FALSE,1,
468,11,84,1,4,1,0.1,FALSE,1,
469,11,200,1,1,1,0.1,FALSE,1,
470,11,200,1,3,1,0.5,FALSE,1,
471,12,132,6,2,1,2,FALSE,1,
472,12,132,6,4,1,1,FALSE,1,
473,12,382,6,1,1,228,FALSE,1,
474,12,382,6,2,1,259,FALSE,1,
475,12,382,6,3,1,330,FALSE,1,
476,12,382,6,4,1,243,FALSE,1,
477,12,385,6,1,1,105,FALSE,1,
478,12,385,6,2,1,102,FALSE,1,
479,12,385,6,3,1,51,FALSE,1,
480,12,385,6,4,1,102,FALSE,1,
481,12,384,6,1,1,4,FALSE,1,
482,12,384,6,2,1,2,FALSE,1,
483,12,386,6,1,1,3,FALSE,1,
484,12,386,6,2,1,7,FALSE,1,
485,12,386,6,3,1,12,FALSE,1,
486,12,386,6,4,1,1,FALSE,1,
487,12,50,6,3,1,1,FALSE,1,
488,12,40,6,2,1,1,FALSE,1,
489,12,323,6,2,1,2,FALSE,1,
490,12,323,6,3,1,1,FALSE,1,
491,12,358,6,1,1,5,FALSE,1,
492,12,358,6,2,1,4,FALSE,1,
493,12,358,6,3,1,6,FALSE,1,
494,12,358,6,4,1,4,FALSE,1,
495,12,359,6,3,1,2,FALSE,1,
496,12,360,6,1,1,1,FALSE,1,
497,12,360,6,2,1,1,FALSE,1,
498,12,360,6,3,1,2,FALSE,1,
499,12,360,6,4,1,1,FALSE,1,
500,12,361,6,1,1,9,FALSE,1,
501,12,361,6,2,1,2,FALSE,1,
502,12,361,6,3,1,2,FALSE,1,
503,12,361,6,4,1,9,FALSE,1,
504,12,137,6,1,1,32,FALSE,1,
505,12,137,6,2,1,11,FALSE,1,
506,12,137,6,3,1,13,FALSE,1,
507,12,137,6,4,1,26,FALSE,1,
508,12,135,6,1,1,218,FALSE,1,
509,12,135,6,2,1,225,FALSE,1,
510,12,135,6,3,1,238,FALSE,1,
511,12,135,6,4,1,327,FALSE,1,
512,12,183,6,1,1,7,FALSE,1,
513,12,183,6,2,1,17,FALSE,1,
514,12,183,6,3,1,6,FALSE,1,
515,12,342,6,3,1,1,FALSE,1,
516,12,394,6,2,1,2,FALSE,1,
517,12,394,6,4,1,1,FALSE,1,
518,13,132,3,1,1,7,FALSE,1,
519,13,132,3,3,1,9,FALSE,1,
520,13,382,3,1,1,81,FALSE,1,
521,13,382,3,2,1,77,FALSE,1,
522,13,382,3,3,1,249,FALSE,1,
523,13,382,3,4,1,146,FALSE,1,
524,13,385,3,1,1,30,FALSE,1,
525,13,385,3,2,1,20,FALSE,1,
526,13,385,3,3,1,4,FALSE,1,
527,13,385,3,4,1,7,FALSE,1,
528,13,384,3,1,1,1,FALSE,1,
529,13,384,3,2,1,1,FALSE,1,
530,13,384,3,4,1,1,FALSE,1,
531,13,386,3,1,1,22,FALSE,1,
532,13,386,3,2,1,9,FALSE,1,
533,13,386,3,3,1,16,FALSE,1,
534,13,386,3,4,1,4,FALSE,1,
535,13,396,3,4,1,1,FALSE,1,
536,13,143,3,1,1,1,FALSE,1,
537,13,143,3,3,1,2,FALSE,1,
538,13,357,3,4,1,1,FALSE,1,
539,13,323,3,3,1,2,FALSE,1,
540,13,358,3,1,1,6,FALSE,1,
541,13,358,3,2,1,14,FALSE,1,
542,13,358,3,3,1,14,FALSE,1,
543,13,358,3,4,1,21,FALSE,1,
544,13,359,3,3,1,1,FALSE,1,
545,13,360,3,2,1,2,FALSE,1,
546,13,360,3,3,1,1,FALSE,1,
547,13,360,3,4,1,5,FALSE,1,
548,13,361,3,1,1,5,FALSE,1,
549,13,361,3,2,1,4,FALSE,1,
550,13,361,3,3,1,9,FALSE,1,
551,13,361,3,4,1,4,FALSE,1,
552,13,137,3,1,1,16,FALSE,1,
553,13,137,3,2,1,28,FALSE,1,
554,13,137,3,3,1,28,FALSE,1,
555,13,137,3,4,1,32,FALSE,1,
556,13,135,3,1,1,192,FALSE,1,
557,13,135,3,2,1,336,FALSE,1,
558,13,135,3,3,1,301,FALSE,1,
559,13,135,3,4,1,304,FALSE,1,
560,13,183,3,1,1,10,FALSE,1,
561,13,183,3,2,1,2,FALSE,1,
562,13,183,3,3,1,4,FALSE,1,
563,13,183,3,4,1,1,FALSE,1,
564,13,342,3,2,1,1,FALSE,1,
565,13,213,3,2,1,0.1,FALSE,1,
566,13,213,3,3,1,0.1,FALSE,1,
567,13,213,3,4,1,0.5,FALSE,1,
568,13,214,3,1,1,5,FALSE,1,"on mussels"
569,13,214,3,2,1,8,FALSE,1,"on mussels"
570,13,214,3,3,1,12,FALSE,1,"on mussels"
571,13,214,3,4,1,10,FALSE,1,"on mussels"
572,13,84,3,1,1,0.1,FALSE,1,
573,13,84,3,2,1,0.1,FALSE,1,
574,13,200,3,3,1,0.1,FALSE,1,
575,13,394,3,2,1,1,FALSE,1,
576,13,394,3,3,1,1,FALSE,1,
577,14,132,2,1,1,5,FALSE,1,
578,14,132,2,2,1,4,FALSE,1,
579,14,382,2,1,1,76,FALSE,1,
580,14,382,2,2,1,150,FALSE,1,
581,14,382,2,3,1,267,FALSE,1,
582,14,382,2,4,1,418,FALSE,1,
583,14,385,2,1,1,36,FALSE,1,
584,14,385,2,2,1,28,FALSE,1,
585,14,385,2,3,1,74,FALSE,1,
586,14,385,2,4,1,22,FALSE,1,
587,14,384,2,1,1,3,FALSE,1,
588,14,384,2,3,1,3,FALSE,1,
589,14,384,2,4,1,2,FALSE,1,
590,14,386,2,1,1,7,FALSE,1,
591,14,386,2,2,1,1,FALSE,1,
592,14,386,2,3,1,1,FALSE,1,
593,14,386,2,4,1,4,FALSE,1,
594,14,50,2,4,1,1,FALSE,1,
595,14,143,2,1,1,1,FALSE,1,
596,14,357,2,1,1,1,FALSE,1,
597,14,357,2,4,1,1,FALSE,1,
598,14,163,2,1,1,1,FALSE,1,
599,14,163,2,2,1,1,FALSE,1,
600,14,163,2,3,1,1,FALSE,1,
601,14,323,2,1,1,4,FALSE,1,
602,14,323,2,3,1,4,FALSE,1,
603,14,323,2,4,1,2,FALSE,1,
604,14,358,2,1,1,7,FALSE,1,
605,14,358,2,2,1,7,FALSE,1,
606,14,358,2,3,1,13,FALSE,1,
607,14,358,2,4,1,8,FALSE,1,
608,14,359,2,1,1,4,FALSE,1,
609,14,360,2,3,1,4,FALSE,1,
610,14,360,2,4,1,1,FALSE,1,
611,14,361,2,1,1,18,FALSE,1,
612,14,361,2,2,1,11,FALSE,1,
613,14,361,2,3,1,20,FALSE,1,
614,14,361,2,4,1,3,FALSE,1,
615,14,137,2,1,1,3,FALSE,1,
616,14,137,2,2,1,20,FALSE,1,
617,14,137,2,3,1,7,FALSE,1,
618,14,137,2,4,1,5,FALSE,1,
619,14,135,2,1,1,59,FALSE,1,
620,14,135,2,2,1,208,FALSE,1,
621,14,135,2,3,1,290,FALSE,1,
622,14,135,2,4,1,315,FALSE,1,
623,14,183,2,1,1,39,FALSE,1,
624,14,183,2,2,1,4,FALSE,1,
625,14,183,2,3,1,10,FALSE,1,
626,14,183,2,4,1,19,FALSE,1,
627,14,342,2,1,1,1,FALSE,1,
628,14,342,2,3,1,1,FALSE,1,
629,14,394,2,2,1,1,FALSE,1,
630,14,84,2,1,1,0.1,FALSE,1,
631,14,200,2,2,1,0.1,FALSE,1,
632,15,132,5,2,1,9,FALSE,1,
633,15,132,5,3,1,8,FALSE,1,
634,15,382,5,1,1,62,FALSE,1,
635,15,382,5,2,1,24,FALSE,1,
636,15,382,5,3,1,60,FALSE,1,
637,15,382,5,4,1,54,FALSE,1,
638,15,385,5,1,1,173,FALSE,1,
639,15,385,5,2,1,83,FALSE,1,
640,15,385,5,3,1,13,FALSE,1,
641,15,385,5,4,1,139,FALSE,1,
642,15,384,5,1,1,5,FALSE,1,
643,15,384,5,2,1,2,FALSE,1,
644,15,384,5,4,1,8,FALSE,1,
645,15,391,5,1,1,2,FALSE,1,
646,15,391,5,4,1,1,FALSE,1,
647,15,386,5,1,1,27,FALSE,1,
648,15,386,5,2,1,59,FALSE,1,
649,15,386,5,3,1,12,FALSE,1,
650,15,386,5,4,1,45,FALSE,1,
651,15,50,5,2,1,1,FALSE,1,
652,15,50,5,3,1,4,FALSE,1,
653,15,143,5,2,1,1,FALSE,1,
654,15,143,5,3,1,2,FALSE,1,
655,15,143,5,4,1,1,FALSE,1,
656,15,357,5,1,1,2,FALSE,1,
657,15,163,5,2,1,2,FALSE,1,
658,15,323,5,1,1,3,FALSE,1,
659,15,24,5,2,1,1,FALSE,1,
660,15,24,5,3,1,2,FALSE,1,
661,15,24,5,4,1,1,FALSE,1,
662,15,358,5,1,1,2,FALSE,1,
663,15,358,5,2,1,6,FALSE,1,
664,15,358,5,3,1,7,FALSE,1,
665,15,358,5,4,1,1,FALSE,1,
666,15,360,5,4,1,1,FALSE,1,
667,15,361,5,1,1,2,FALSE,1,
668,15,361,5,2,1,3,FALSE,1,
669,15,361,5,3,1,1,FALSE,1,
670,15,361,5,4,1,4,FALSE,1,
671,15,137,5,1,1,26,FALSE,1,
672,15,137,5,2,1,60,FALSE,1,
673,15,137,5,3,1,16,FALSE,1,
674,15,137,5,4,1,33,FALSE,1,
675,15,135,5,1,1,233,FALSE,1,
676,15,135,5,2,1,109,FALSE,1,
677,15,135,5,3,1,74,FALSE,1,
678,15,135,5,4,1,105,FALSE,1,
679,15,183,5,1,1,2,FALSE,1,
680,15,183,5,2,1,4,FALSE,1,
681,15,183,5,3,1,2,FALSE,1,
682,15,183,5,4,1,6,FALSE,1,
683,15,342,5,2,1,1,FALSE,1,
684,15,342,5,3,1,1,FALSE,1,
685,15,394,5,1,1,1,FALSE,1,
686,15,394,5,3,1,1,FALSE,1,
687,15,214,5,1,1,0.1,FALSE,1,
688,15,214,5,2,1,0.1,FALSE,1,
689,15,214,5,3,1,0.1,FALSE,1,
691,15,213,5,1,1,0.1,FALSE,1,
692,15,84,5,2,1,0.5,FALSE,1,
693,15,84,5,3,1,0.1,FALSE,1,
694,15,200,5,2,1,0.5,FALSE,1,
695,16,132,4,1,1,3,FALSE,1,
696,16,132,4,2,1,1,FALSE,1,
697,16,382,4,1,1,251,FALSE,1,
698,16,382,4,2,1,175,FALSE,1,
699,16,382,4,3,1,187,FALSE,1,
700,16,382,4,4,1,210,FALSE,1,
701,16,385,4,1,1,20,FALSE,1,
702,16,385,4,2,1,11,FALSE,1,
703,16,385,4,3,1,9,FALSE,1,
704,16,385,4,4,1,26,FALSE,1,
705,16,384,4,1,1,1,FALSE,1,
706,16,384,4,2,1,1,FALSE,1,
708,16,386,4,1,1,2,FALSE,1,
709,16,386,4,2,1,10,FALSE,1,
710,16,386,4,4,1,2,FALSE,1,
711,16,50,4,1,1,2,FALSE,1,
712,16,50,4,4,1,2,FALSE,1,
713,16,357,4,2,1,1,FALSE,1,
714,16,163,4,1,1,2,FALSE,1,
715,16,163,4,4,1,2,FALSE,1,
716,16,323,4,1,1,1,FALSE,1,
717,16,323,4,4,1,1,FALSE,1,
718,16,358,4,1,1,6,FALSE,1,
719,16,358,4,2,1,5,FALSE,1,
720,16,358,4,3,1,5,FALSE,1,
721,16,358,4,4,1,1,FALSE,1,
722,16,359,4,1,1,5,FALSE,1,
723,16,359,4,2,1,5,FALSE,1,
724,16,359,4,3,1,3,FALSE,1,
725,16,359,4,4,1,1,FALSE,1,
726,16,360,4,2,1,3,FALSE,1,
727,16,361,4,1,1,16,FALSE,1,
728,16,361,4,2,1,19,FALSE,1,
729,16,361,4,3,1,23,FALSE,1,
730,16,361,4,4,1,26,FALSE,1,
731,16,137,4,1,1,13,FALSE,1,
732,16,137,4,2,1,5,FALSE,1,
733,16,137,4,3,1,61,FALSE,1,
734,16,137,4,4,1,5,FALSE,1,
735,16,135,4,1,1,242,FALSE,1,
736,16,135,4,2,1,69,FALSE,1,
737,16,135,4,3,1,255,FALSE,1,
738,16,135,4,4,1,109,FALSE,1,
739,16,183,4,1,1,7,FALSE,1,
740,16,183,4,2,1,16,FALSE,1,
741,16,183,4,3,1,1,FALSE,1,
742,16,183,4,4,1,61,FALSE,1,
743,16,342,4,2,1,1,FALSE,1,
744,17,387,1,3,2,589,FALSE,1,
745,17,387,1,4,2,540,FALSE,1,
746,17,387,1,5,2,484,FALSE,1,
747,17,387,1,6,2,601,FALSE,1,
748,17,387,2,1,2,207,FALSE,1,
749,17,387,2,2,2,518,FALSE,1,
750,17,387,2,4,2,461,FALSE,1,
751,17,387,2,6,2,287,FALSE,1,
752,17,387,3,2,2,103,FALSE,1,
753,17,387,3,3,2,163,FALSE,1,
754,17,387,3,4,2,131,FALSE,1,
755,17,387,3,6,2,236,FALSE,1,
756,17,387,4,1,2,572,FALSE,1,
757,17,387,4,4,2,460,FALSE,1,
758,17,387,4,5,2,436,FALSE,1,
759,17,387,4,6,2,307,FALSE,1,
760,17,387,5,1,2,230,FALSE,1,
761,17,387,5,2,2,558,FALSE,1,
762,17,387,5,4,2,293,FALSE,1,
763,17,387,5,6,2,475,FALSE,1,
764,17,387,6,2,2,431,FALSE,1,
765,17,387,6,3,2,582,FALSE,1,
766,17,387,6,4,2,558,FALSE,1,
767,17,387,6,6,2,110,FALSE,1,
768,18,132,5,1,1,6,FALSE,1,"Reduced to 3 individs;  Sizes removed: 7, 8, 13mm"
769,18,382,5,1,1,26,FALSE,1,
770,18,382,5,2,1,93,FALSE,1,
771,18,382,5,3,1,32,FALSE,1,
772,18,382,5,4,1,37,FALSE,1,
773,18,385,5,1,1,224,FALSE,1,
774,18,385,5,2,1,12,FALSE,1,
775,18,385,5,3,1,19,FALSE,1,
776,18,385,5,4,1,127,FALSE,1,
777,18,384,5,1,1,3,FALSE,1,
778,18,384,5,4,1,1,FALSE,1,
779,18,391,5,4,1,3,FALSE,1,
780,18,387,5,2,2,26,FALSE,1,"check pictures to make sure this is right"
781,18,387,5,3,2,741,FALSE,1,"check pictures to make sure this is right - corrected - was 47"
782,18,386,5,1,1,51,FALSE,1,
783,18,386,5,4,1,4,FALSE,1,
784,18,143,5,4,1,1,FALSE,1,
785,18,40,5,2,1,1,FALSE,1,
786,18,323,5,1,1,5,FALSE,1,
787,18,323,5,2,1,1,FALSE,1,
788,18,323,5,3,1,1,FALSE,1,
789,18,358,5,1,1,4,FALSE,1,
790,18,358,5,2,1,2,FALSE,1,
791,18,358,5,3,1,19,FALSE,1,
792,18,358,5,4,1,16,FALSE,1,
793,18,361,5,1,1,9,FALSE,1,
794,18,361,5,2,1,9,FALSE,1,
795,18,361,5,3,1,2,FALSE,1,
796,18,361,5,4,1,2,FALSE,1,
797,18,360,5,2,1,3,FALSE,1,
798,18,360,5,3,1,1,FALSE,1,
799,18,359,5,1,1,1,FALSE,1,
800,18,359,5,2,1,3,FALSE,1,
801,18,359,5,3,1,1,FALSE,1,
802,18,359,5,4,1,1,FALSE,1,
803,18,137,5,1,1,66,FALSE,1,
804,18,137,5,2,1,188,FALSE,1,
805,18,137,5,3,1,161,FALSE,1,
806,18,137,5,4,1,22,FALSE,1,
807,18,135,5,1,1,283,FALSE,1,
808,18,135,5,2,1,136,FALSE,1,
809,18,135,5,3,1,175,FALSE,1,
810,18,135,5,4,1,131,FALSE,1,
811,18,183,5,1,1,3,FALSE,1,
812,18,183,5,3,1,2,FALSE,1,
813,18,183,5,4,1,3,FALSE,1,
814,18,394,5,4,1,1,FALSE,1,
815,18,214,5,1,1,8,FALSE,1,
816,18,214,5,4,1,3,FALSE,1,
817,18,213,5,1,1,0.1,FALSE,1,
818,18,213,5,3,1,0.1,FALSE,1,
819,18,84,5,1,1,0.1,FALSE,1,
820,18,84,5,2,1,0.1,FALSE,1,
821,18,84,5,3,1,0.1,FALSE,1,
822,18,200,5,1,1,0.5,FALSE,1,
823,18,200,5,2,1,0.5,FALSE,1,
824,18,200,5,3,1,0.1,FALSE,1,
825,18,374,5,1,1,3,FALSE,1,"removed"
826,19,132,4,1,1,35,FALSE,1,
827,19,132,4,2,1,3,FALSE,1,"Removed, sizes: 6, 8, 4mm"
828,19,132,4,3,1,4,FALSE,1,"removed a size 3mm, replaced a size 7, another one dead shell"
829,19,132,4,4,1,10,FALSE,1,
830,19,382,4,1,1,55,FALSE,1,
831,19,382,4,2,1,209,FALSE,1,
832,19,382,4,3,1,136,FALSE,1,
833,19,382,4,4,1,192,FALSE,1,
834,19,385,4,1,1,35,FALSE,1,
835,19,385,4,2,1,35,FALSE,1,
836,19,385,4,3,1,49,FALSE,1,
837,19,385,4,4,1,39,FALSE,1,
838,19,387,4,1,2,48,FALSE,1,
839,19,386,4,1,1,2,FALSE,1,
840,19,386,4,3,1,5,FALSE,1,
841,19,386,4,4,1,3,FALSE,1,
842,19,396,4,4,1,1,FALSE,1,
843,19,163,4,4,1,2,FALSE,1,
844,19,323,4,2,1,5,FALSE,1,
845,19,323,4,3,1,6,FALSE,1,
846,19,323,4,4,1,4,FALSE,1,
847,19,24,4,2,1,1,FALSE,1,
848,19,24,4,3,1,3,FALSE,1,
849,19,326,4,2,1,1,FALSE,1,
850,19,137,4,1,1,56,FALSE,1,
851,19,137,4,2,1,21,FALSE,1,
852,19,137,4,3,1,7,FALSE,1,
853,19,137,4,4,1,5,FALSE,1,
854,19,135,4,1,1,142,FALSE,1,
855,19,135,4,2,1,94,FALSE,1,
856,19,135,4,3,1,135,FALSE,1,
857,19,135,4,4,1,92,FALSE,1,
858,19,183,4,1,1,2,FALSE,1,
859,19,183,4,2,1,3,FALSE,1,
860,19,183,4,3,1,4,FALSE,1,
861,19,183,4,4,1,13,FALSE,1,
862,19,342,4,1,1,4,FALSE,1,
863,19,342,4,2,1,2,FALSE,1,
864,19,394,4,2,1,8,FALSE,1,
865,19,394,4,3,1,38,FALSE,1,
866,19,200,4,4,1,1,FALSE,1,
867,19,374,4,3,1,8,FALSE,1,
868,19,372,4,2,1,2,FALSE,1,
869,19,372,4,3,1,1,FALSE,1,
870,20,132,3,1,1,1,FALSE,1,
871,20,132,3,2,1,5,FALSE,1,"removed 9 and 8 mm"
872,20,132,3,3,1,3,FALSE,1,
873,20,382,3,1,1,175,FALSE,1,"mass die-off of <1mm (<0.5mm really) recruites.  Heat?"
874,20,382,3,2,1,61,FALSE,1,
875,20,382,3,3,1,132,FALSE,1,
876,20,382,3,4,1,90,FALSE,1,
877,20,385,3,1,1,6,FALSE,1,
878,20,385,3,2,1,38,FALSE,1,
879,20,385,3,4,1,6,FALSE,1,
880,20,385,3,3,1,12,FALSE,1,
881,20,384,3,2,1,1,FALSE,1,
882,20,387,3,1,2,21,FALSE,1,
883,20,386,3,2,1,16,FALSE,1,
884,20,386,3,3,1,6,FALSE,1,
885,20,386,3,4,1,16,FALSE,1,"many crushed by cage lid"
886,20,396,3,2,1,1,FALSE,1,
887,20,365,3,2,1,1,FALSE,1,"tiny little guy"
888,20,163,3,4,1,1,FALSE,1,
889,20,358,3,2,1,9,FALSE,1,
890,20,358,3,3,1,19,FALSE,1,
891,20,358,3,4,1,26,FALSE,1,
892,20,361,3,1,1,13,FALSE,1,
893,20,361,3,2,1,8,FALSE,1,
894,20,361,3,3,1,11,FALSE,1,
895,20,361,3,4,1,10,FALSE,1,
896,20,360,3,1,1,1,FALSE,1,
897,20,360,3,2,1,1,FALSE,1,
898,20,360,3,3,1,1,FALSE,1,
899,20,360,3,4,1,2,FALSE,1,
900,20,359,3,1,1,1,FALSE,1,
901,20,359,3,3,1,4,FALSE,1,
902,20,137,3,1,1,99,FALSE,1,
903,20,137,3,2,1,8,FALSE,1,
904,20,137,3,3,1,49,FALSE,1,
905,20,137,3,4,1,6,FALSE,1,
906,20,135,3,1,1,259,FALSE,1,
907,20,135,3,2,1,68,FALSE,1,
908,20,135,3,3,1,290,FALSE,1,
909,20,135,3,4,1,344,FALSE,1,
910,20,183,3,1,1,1,FALSE,1,
911,20,183,3,2,1,1,FALSE,1,
912,20,183,3,3,1,2,FALSE,1,
913,20,183,3,4,1,3,FALSE,1,
914,20,342,3,1,1,1,FALSE,1,
915,20,342,3,2,1,5,FALSE,1,
916,20,394,3,2,1,26,FALSE,1,
917,20,394,3,3,1,1,FALSE,1,
918,20,394,3,4,1,3,FALSE,1,
919,20,214,3,2,1,20,FALSE,1,
920,20,214,3,3,1,10,FALSE,1,
921,20,214,3,4,1,8,FALSE,1,
922,20,213,3,2,1,0.1,FALSE,1,
923,20,84,3,2,1,0.1,FALSE,1,
924,20,200,3,2,1,0.1,FALSE,1,
925,20,374,3,2,1,7,FALSE,1,"removed"
926,20,356,3,2,1,0.1,FALSE,1,"Colpomenia"
927,21,132,2,1,1,2,FALSE,1,
928,21,132,2,2,1,10,FALSE,1,
929,21,132,2,3,1,2,FALSE,1,"removed: 11 & 4 mm"
930,21,132,2,4,1,3,FALSE,1,
931,21,382,2,1,1,5,FALSE,1,
932,21,382,2,2,1,147,FALSE,1,
933,21,382,2,3,1,45,FALSE,1,
934,21,382,2,4,1,101,FALSE,1,
935,21,385,2,1,1,24,FALSE,1,
936,21,385,2,2,1,51,FALSE,1,
937,21,385,2,3,1,143,FALSE,1,
938,21,385,2,4,1,15,FALSE,1,
939,21,384,2,3,1,1,FALSE,1,
940,21,384,2,4,1,1,FALSE,1,
941,21,387,2,1,2,15,FALSE,1,
942,21,386,2,2,1,10,FALSE,1,
943,21,386,2,3,1,3,FALSE,1,
944,21,386,2,4,1,9,FALSE,1,
945,21,50,2,4,1,1,FALSE,1,
946,21,143,2,4,1,1,FALSE,1,
947,21,357,2,3,1,4,FALSE,1,
948,21,357,2,4,1,2,FALSE,1,
949,21,39,2,4,1,1,FALSE,1,
950,21,163,2,2,1,1,FALSE,1,
951,21,323,2,1,1,1,FALSE,1,
952,21,323,2,2,1,2,FALSE,1,
953,21,323,2,3,1,2,FALSE,1,
954,21,323,2,4,1,1,FALSE,1,
955,21,24,2,4,1,2,FALSE,1,
956,21,358,2,1,1,2,FALSE,1,
957,21,358,2,2,1,27,FALSE,1,
958,21,358,2,3,1,18,FALSE,1,
959,21,358,2,4,1,14,FALSE,1,
960,21,361,2,1,1,51,FALSE,1,
961,21,361,2,2,1,11,FALSE,1,
962,21,361,2,3,1,13,FALSE,1,
963,21,361,2,4,1,13,FALSE,1,
964,21,360,2,1,1,1,FALSE,1,
965,21,360,2,2,1,3,FALSE,1,
966,21,360,2,3,1,2,FALSE,1,
967,21,360,2,4,1,1,FALSE,1,
968,21,359,2,1,1,1,FALSE,1,
969,21,359,2,2,1,2,FALSE,1,
970,21,359,2,4,1,5,FALSE,1,
971,21,137,2,1,1,45,FALSE,1,
972,21,137,2,2,1,69,FALSE,1,
973,21,137,2,3,1,2,FALSE,1,
974,21,137,2,4,1,2,FALSE,1,
975,21,135,2,1,1,69,FALSE,1,
976,21,135,2,2,1,142,FALSE,1,
977,21,135,2,3,1,90,FALSE,1,
978,21,135,2,4,1,101,FALSE,1,
979,21,183,2,1,1,2,FALSE,1,
980,21,183,2,2,1,4,FALSE,1,
981,21,183,2,3,1,6,FALSE,1,
982,21,183,2,4,1,25,FALSE,1,
983,21,342,2,4,1,1,FALSE,1,
984,21,394,2,2,1,5,FALSE,1,
985,21,214,2,4,1,7,FALSE,1,
986,21,200,2,3,1,0.1,FALSE,1,
987,21,372,2,3,1,2,FALSE,1,
988,22,132,6,1,1,7,FALSE,1,"4 removed: sizes 8, 10, 10, 11"
989,22,132,6,2,1,11,FALSE,1,
990,22,132,6,3,1,12,FALSE,1,"All removed, sizes: 12, 11, 2, 14, 11, 7, 11, 7, 11, 13, 13, 12, 11, 10, 8"
991,22,382,6,1,1,202,FALSE,1,
992,22,382,6,2,1,26,FALSE,1,
993,22,382,6,3,1,106,FALSE,1,
994,22,382,6,4,1,5,FALSE,1,
995,22,385,6,1,1,177,FALSE,1,
996,22,385,6,2,1,209,FALSE,1,
997,22,385,6,3,1,71,FALSE,1,
998,22,385,6,4,1,66,FALSE,1,
999,22,384,6,1,1,5,FALSE,1,
1000,22,384,6,2,1,2,FALSE,1,
1001,22,384,6,3,1,2,FALSE,1,
1002,22,387,6,4,2,16,FALSE,1,
1003,22,386,6,1,1,8,FALSE,1,
1004,22,386,6,2,1,9,FALSE,1,
1005,22,386,6,3,1,20,FALSE,1,
1006,22,50,6,3,1,1,FALSE,1,
1007,22,357,6,1,1,2,FALSE,1,
1008,22,365,6,3,1,1,FALSE,1,"tiny guy"
1009,22,163,6,2,1,1,FALSE,1,
1010,22,323,6,3,1,2,FALSE,1,
1011,22,24,6,1,1,1,FALSE,1,
1012,22,358,6,1,1,11,FALSE,1,
1013,22,358,6,2,1,11,FALSE,1,
1014,22,358,6,3,1,5,FALSE,1,
1015,22,358,6,4,1,1,FALSE,1,
1016,22,361,6,1,1,6,FALSE,1,
1017,22,361,6,2,1,5,FALSE,1,
1018,22,361,6,3,1,3,FALSE,1,
1019,22,361,6,4,1,2,FALSE,1,
1020,22,360,6,1,1,6,FALSE,1,
1021,22,360,6,2,1,2,FALSE,1,
1022,22,137,6,1,1,9,FALSE,1,
1023,22,137,6,2,1,45,FALSE,1,
1024,22,137,6,3,1,7,FALSE,1,
1025,22,137,6,4,1,76,FALSE,1,
1026,22,135,6,1,1,480,FALSE,1,
1027,22,135,6,2,1,301,FALSE,1,
1028,22,135,6,3,1,93,FALSE,1,
1029,22,135,6,4,1,120,FALSE,1,
1030,22,183,6,1,1,1,FALSE,1,
1031,22,183,6,2,1,7,FALSE,1,
1032,22,183,6,3,1,1,FALSE,1,
1033,22,342,6,1,1,1,FALSE,1,
1034,22,342,6,2,1,1,FALSE,1,
1035,22,342,6,3,1,1,FALSE,1,
1036,22,394,6,1,1,1,FALSE,1,
1037,22,214,6,1,1,0.5,FALSE,1,
1038,22,214,6,3,1,1,FALSE,1,
1039,23,132,1,1,1,3,FALSE,1,"removed, sizes: 10, 8, 7"
1040,23,132,1,3,1,1,FALSE,1,
1041,23,132,1,4,1,9,FALSE,1,"6 removed, sizes: 11, 9, 8, 10, 4, 2"
1042,23,382,1,1,1,191,FALSE,1,
1043,23,382,1,2,1,13,FALSE,1,
1044,23,382,1,3,1,56,FALSE,1,
1045,23,382,1,4,1,413,FALSE,1,
1046,23,385,1,1,1,1,FALSE,1,
1047,23,385,1,3,1,9,FALSE,1,
1048,23,385,1,4,1,17,FALSE,1,
1049,23,391,1,1,1,5,FALSE,1,
1050,23,391,1,2,1,11,FALSE,1,
1051,23,387,1,2,2,5,FALSE,1,
1052,23,386,1,1,1,6,FALSE,1,
1053,23,386,1,3,1,6,FALSE,1,
1054,23,386,1,4,1,14,FALSE,1,
1055,23,396,1,1,1,1,FALSE,1,
1056,23,396,1,4,1,1,FALSE,1,
1057,23,50,1,1,1,3,FALSE,1,
1058,23,143,1,4,1,1,FALSE,1,
1059,23,163,1,1,1,1,FALSE,1,
1060,23,323,1,4,1,2,FALSE,1,
1061,23,24,1,4,1,4,FALSE,1,
1062,23,358,1,1,1,9,FALSE,1,
1063,23,358,1,2,1,1,FALSE,1,
1064,23,358,1,3,1,13,FALSE,1,
1065,23,358,1,4,1,2,FALSE,1,
1066,23,361,1,1,1,1,FALSE,1,
1067,23,361,1,2,1,28,FALSE,1,
1068,23,361,1,3,1,4,FALSE,1,
1069,23,361,1,4,1,8,FALSE,1,
1070,23,360,1,3,1,1,FALSE,1,
1071,23,360,1,4,1,1,FALSE,1,
1072,23,359,1,2,1,2,FALSE,1,
1073,23,137,1,1,1,4,FALSE,1,
1074,23,137,1,2,1,86,FALSE,1,
1075,23,137,1,3,1,49,FALSE,1,
1076,23,137,1,4,1,3,FALSE,1,
1077,23,135,1,1,1,29,FALSE,1,
1078,23,135,1,2,1,254,FALSE,1,
1079,23,135,1,3,1,207,FALSE,1,
1080,23,135,1,4,1,223,FALSE,1,
1081,23,183,1,1,1,29,FALSE,1,
1082,23,183,1,3,1,1,FALSE,1,
1083,23,183,1,4,1,18,FALSE,1,
1084,23,342,1,4,1,3,FALSE,1,
1085,23,214,1,1,1,15,FALSE,1,
1086,23,214,1,3,1,2,FALSE,1,
1087,23,214,1,4,1,6,FALSE,1,
1088,23,84,1,3,1,0.1,FALSE,1,
1089,23,84,1,4,1,0.1,FALSE,1,
1090,23,200,1,3,1,0.5,FALSE,1,
1091,23,200,1,4,1,0.1,FALSE,1,
1092,23,109,1,1,1,5,FALSE,1,
1093,23,109,1,4,1,40,FALSE,1,"on mussels"
1094,23,11,1,4,1,1,FALSE,1,"individual"
1095,18,109,5,1,1,20,FALSE,1,"on mussels"
1096,28,132,1,2,1,2,FALSE,1,
1097,28,132,1,3,1,1,FALSE,1,"removed, size 8mm"
1098,28,132,1,4,1,4,FALSE,1,
1099,28,132,1,5,1,1,FALSE,1,"removed 12mm"
1100,28,132,1,6,1,1,FALSE,1,"3 added"
1101,28,393,1,1,1,1,FALSE,1,
1102,28,382,1,1,1,60,FALSE,1,
1103,28,382,1,2,1,188,FALSE,1,
1104,28,382,1,3,1,141,FALSE,1,
1105,28,382,1,4,1,151,FALSE,1,
1106,28,382,1,5,1,117,FALSE,1,
1107,28,382,1,6,1,104,FALSE,1,
1108,28,385,1,2,1,15,FALSE,1,
1109,28,385,1,3,1,18,FALSE,1,
1110,28,385,1,4,1,12,FALSE,1,
1111,28,385,1,5,1,3,FALSE,1,
1112,28,385,1,6,1,22,FALSE,1,
1113,28,384,1,2,1,10,FALSE,1,
1114,28,384,1,3,1,2,FALSE,1,
1115,28,384,1,5,1,1,FALSE,1,
1116,28,384,1,6,1,1,FALSE,1,
1117,28,387,1,1,2,1,FALSE,1,
1118,28,386,1,2,1,2,FALSE,1,
1119,28,386,1,4,1,5,FALSE,1,
1120,28,386,1,5,1,1,FALSE,1,
1121,28,386,1,6,1,5,FALSE,1,
1122,28,396,1,3,1,2,FALSE,1,
1123,28,396,1,4,1,3,FALSE,1,
1124,28,396,1,5,1,2,FALSE,1,
1125,28,396,1,6,1,4,FALSE,1,
1126,28,395,1,4,1,1,FALSE,1,
1127,28,24,1,6,1,1,FALSE,1,
1128,28,358,1,2,1,28,FALSE,1,
1129,28,358,1,3,1,46,FALSE,1,
1130,28,358,1,4,1,27,FALSE,1,
1131,28,358,1,5,1,9,FALSE,1,
1132,28,358,1,6,1,26,FALSE,1,
1133,28,361,1,2,1,12,FALSE,1,
1134,28,361,1,3,1,9,FALSE,1,
1135,28,361,1,4,1,11,FALSE,1,
1136,28,361,1,5,1,3,FALSE,1,
1137,28,361,1,6,1,8,FALSE,1,
1138,28,360,1,2,1,1,FALSE,1,
1139,28,360,1,3,1,1,FALSE,1,
1140,28,359,1,5,1,1,FALSE,1,
1141,28,137,1,1,1,99,FALSE,1,
1142,28,137,1,2,1,33,FALSE,1,
1143,28,137,1,3,1,10,FALSE,1,
1144,28,137,1,4,1,11,FALSE,1,
1145,28,137,1,5,1,14,FALSE,1,
1146,28,137,1,6,1,18,FALSE,1,
1147,28,135,1,1,1,7,FALSE,1,
1148,28,135,1,2,1,246,FALSE,1,
1149,28,135,1,3,1,312,FALSE,1,
1150,28,135,1,4,1,565,FALSE,1,
1151,28,135,1,5,1,740,FALSE,1,
1152,28,135,1,6,1,540,FALSE,1,
1153,28,183,1,3,1,2,FALSE,1,
1154,28,183,1,4,1,1,FALSE,1,
1155,28,183,1,6,1,1,FALSE,1,
1156,28,394,1,1,1,2,FALSE,1,
1157,28,394,1,4,1,5,FALSE,1,
1158,28,394,1,5,1,32,FALSE,1,
1159,29,132,3,2,1,4,FALSE,1,
1160,29,132,3,3,1,1,FALSE,1,"removed 9mm"
1161,29,132,3,5,1,12,FALSE,1,
1162,29,132,3,6,1,8,FALSE,1,"Removed 4, sizes 4, 7, 8, 8"
1163,29,331,3,3,1,1,FALSE,1,"removed 5mm"
1164,29,382,3,1,1,1,FALSE,1,
1165,29,382,3,2,1,197,FALSE,1,
1166,29,382,3,3,1,22,FALSE,1,
1167,29,382,3,4,1,58,FALSE,1,
1168,29,382,3,5,1,73,FALSE,1,
1169,29,382,3,6,1,33,FALSE,1,
1170,29,385,3,1,1,3,FALSE,1,
1171,29,385,3,2,1,223,FALSE,1,
1172,29,385,3,3,1,277,FALSE,1,
1173,29,385,3,4,1,282,FALSE,1,
1174,29,385,3,5,1,402,FALSE,1,
1175,29,385,3,6,1,266,FALSE,1,
1176,29,384,3,2,1,2,FALSE,1,
1177,29,384,3,4,1,4,FALSE,1,
1178,29,384,3,5,1,4,FALSE,1,
1179,29,384,3,6,1,4,FALSE,1,
1180,29,387,3,1,2,1,FALSE,1,
1181,29,386,3,2,1,3,FALSE,1,
1182,29,386,3,3,1,2,FALSE,1,
1183,29,386,3,4,1,2,FALSE,1,
1184,29,386,3,5,1,2,FALSE,1,
1185,29,386,3,6,1,12,FALSE,1,
1186,29,396,3,2,1,2,FALSE,1,
1187,29,396,3,3,1,6,FALSE,1,
1188,29,396,3,4,1,3,FALSE,1,
1189,29,396,3,6,1,7,FALSE,1,
1190,29,50,3,2,1,1,FALSE,1,
1191,29,50,3,4,1,1,FALSE,1,
1192,29,50,3,6,1,3,FALSE,1,
1193,29,357,3,3,1,2,FALSE,1,
1194,29,357,3,4,1,1,FALSE,1,
1195,29,357,3,6,1,3,FALSE,1,
1196,29,40,3,2,1,1,FALSE,1,
1197,29,39,3,3,1,1,FALSE,1,
1198,29,323,3,4,1,1,FALSE,1,
1199,29,24,3,6,1,1,FALSE,1,
1200,29,358,3,2,1,14,FALSE,1,
1201,29,358,3,3,1,16,FALSE,1,
1202,29,358,3,4,1,12,FALSE,1,
1203,29,358,3,5,1,7,FALSE,1,
1204,29,358,3,6,1,5,FALSE,1,
1205,29,361,3,2,1,10,FALSE,1,
1206,29,361,3,3,1,10,FALSE,1,
1207,29,361,3,4,1,15,FALSE,1,
1208,29,361,3,5,1,2,FALSE,1,
1209,29,361,3,6,1,8,FALSE,1,
1210,29,360,3,2,1,3,FALSE,1,
1211,29,360,3,3,1,1,FALSE,1,
1212,29,360,3,4,1,1,FALSE,1,
1213,29,360,3,6,1,1,FALSE,1,
1214,29,359,3,2,1,1,FALSE,1,
1215,29,137,3,1,1,32,FALSE,1,
1216,29,137,3,2,1,5,FALSE,1,
1217,29,137,3,3,1,8,FALSE,1,
1218,29,137,3,4,1,5,FALSE,1,
1219,29,137,3,5,1,19,FALSE,1,
1220,29,137,3,6,1,8,FALSE,1,
1221,29,135,3,1,1,58,FALSE,1,
1222,29,135,3,2,1,396,FALSE,1,
1223,29,135,3,3,1,387,FALSE,1,
1224,29,135,3,4,1,352,FALSE,1,
1225,29,135,3,4,1,309,FALSE,1,
1226,29,135,3,6,1,245,FALSE,1,
1227,29,183,3,2,1,1,FALSE,1,
1228,29,183,3,3,1,6,FALSE,1,
1229,29,183,3,4,1,1,FALSE,1,
1230,29,183,3,5,1,5,FALSE,1,
1231,29,183,3,6,1,12,FALSE,1,
1232,29,33,3,6,1,1,FALSE,1,
1233,29,342,3,2,1,1,FALSE,1,
1234,29,342,3,4,1,2,FALSE,1,
1235,29,342,3,6,1,1,FALSE,1,
1236,29,396,3,1,1,1,FALSE,1,
1237,29,396,3,2,1,4,FALSE,1,
1238,29,396,3,3,1,2,FALSE,1,
1239,30,132,5,1,1,4,FALSE,1,
1240,30,132,5,2,1,1,FALSE,1,"removed, 11mm"
1241,30,132,5,3,1,34,FALSE,1,
1242,30,132,5,4,1,4,FALSE,1,"removed, sizes: 9, 10, 15, 15"
1243,30,132,5,6,1,7,FALSE,1,"2 removed: 10 & 10mm"
1244,30,382,5,1,1,176,FALSE,1,
1245,30,382,5,2,1,28,FALSE,1,
1246,30,382,5,3,1,199,FALSE,1,
1247,30,382,5,4,1,96,FALSE,1,
1248,30,382,5,5,1,4,FALSE,1,
1249,30,382,5,6,1,87,FALSE,1,
1250,30,385,5,1,1,143,FALSE,1,
1251,30,385,5,2,1,166,FALSE,1,
1252,30,385,5,3,1,342,FALSE,1,
1253,30,385,5,4,1,233,FALSE,1,
1254,30,385,5,5,1,101,FALSE,1,
1255,30,385,5,6,1,149,FALSE,1,
1256,30,384,5,1,1,2,FALSE,1,
1257,30,384,5,2,1,5,FALSE,1,
1258,30,384,5,3,1,21,FALSE,1,
1259,30,384,5,4,1,24,FALSE,1,
1260,30,384,5,6,1,7,FALSE,1,
1261,30,387,5,5,2,27,FALSE,1,
1262,30,386,5,1,1,4,FALSE,1,
1263,30,386,5,2,1,2,FALSE,1,
1264,30,386,5,3,1,5,FALSE,1,
1265,30,386,5,4,1,3,FALSE,1,
1266,30,386,5,6,1,5,FALSE,1,
1267,30,389,5,3,1,1,FALSE,1,
1268,30,389,5,6,1,2,FALSE,1,
1269,30,396,5,1,1,3,FALSE,1,
1270,30,396,5,2,1,6,FALSE,1,
1271,30,396,5,3,1,1,FALSE,1,
1272,30,396,5,4,1,6,FALSE,1,
1273,30,396,5,6,1,3,FALSE,1,
1274,30,395,5,4,1,1,FALSE,1,
1275,30,50,5,6,1,1,FALSE,1,
1276,30,357,5,1,1,2,FALSE,1,
1277,30,357,5,2,1,1,FALSE,1,
1278,30,357,5,4,1,3,FALSE,1,
1279,30,40,5,1,1,1,FALSE,1,
1280,30,40,5,3,1,1,FALSE,1,
1281,30,39,5,3,1,1,FALSE,1,
1282,30,358,5,1,1,9,FALSE,1,
1283,30,358,5,2,1,5,FALSE,1,
1284,30,358,5,3,1,9,FALSE,1,
1285,30,358,5,4,1,11,FALSE,1,
1286,30,358,5,6,1,29,FALSE,1,
1287,30,361,5,1,1,11,FALSE,1,
1288,30,361,5,2,1,4,FALSE,1,
1289,30,361,5,3,1,8,FALSE,1,
1290,30,361,5,4,1,11,FALSE,1,
1291,30,361,5,5,1,1,FALSE,1,
1292,30,361,5,6,1,9,FALSE,1,
1293,30,360,5,1,1,3,FALSE,1,
1294,30,359,5,1,1,2,FALSE,1,
1295,30,359,5,2,1,1,FALSE,1,
1296,30,359,5,3,1,3,FALSE,1,
1297,30,359,5,5,1,15,FALSE,1,
1298,30,137,5,1,1,2,FALSE,1,
1299,30,137,5,3,1,6,FALSE,1,
1300,30,137,5,4,1,3,FALSE,1,
1301,30,137,5,5,1,32,FALSE,1,
1302,30,137,5,6,1,1,FALSE,1,
1303,30,135,5,1,1,311,FALSE,1,
1304,30,135,5,2,1,86,FALSE,1,
1305,30,135,5,3,1,257,FALSE,1,
1306,30,135,5,4,1,163,FALSE,1,
1307,30,135,5,5,1,59,FALSE,1,
1308,30,135,5,6,1,45,FALSE,1,
1309,30,183,5,1,1,5,FALSE,1,
1310,30,183,5,2,1,4,FALSE,1,
1311,30,183,5,3,1,1,FALSE,1,
1312,30,183,5,6,1,11,FALSE,1,
1313,30,342,5,1,1,1,FALSE,1,
1314,30,394,5,4,1,1,FALSE,1,
1315,30,214,5,2,1,0.5,FALSE,1,
1316,30,214,5,6,1,0.1,FALSE,1,
1317,30,374,5,1,1,3,FALSE,1,"?"
1318,32,132,2,2,1,5,FALSE,1,"one removed, 9mm"
1319,32,132,2,4,1,3,FALSE,1,"removed 8, 8, 11"
1320,32,132,2,5,1,4,FALSE,1,
1321,32,132,2,6,1,6,FALSE,1,"2 removed (6, 6mm), and one that was too small (12mm) replaced"
1322,32,382,2,1,1,132,FALSE,1,
1323,32,382,2,2,1,238,FALSE,1,
1324,32,382,2,3,1,28,FALSE,1,
1325,32,382,2,4,1,77,FALSE,1,
1326,32,382,2,5,1,308,FALSE,1,
1327,32,382,2,6,1,68,FALSE,1,
1328,32,385,2,1,1,199,FALSE,1,
1329,32,385,2,2,1,58,FALSE,1,
1330,32,385,2,3,1,34,FALSE,1,
1331,32,385,2,4,1,164,FALSE,1,
1332,32,385,2,5,1,68,FALSE,1,
1333,32,385,2,6,1,212,FALSE,1,
1334,32,384,2,1,1,22,FALSE,1,
1335,32,384,2,2,1,1,FALSE,1,
1336,32,384,2,4,1,13,FALSE,1,
1337,32,384,2,5,1,3,FALSE,1,
1338,32,384,2,6,1,6,FALSE,1,
1339,32,391,2,6,1,5,FALSE,1,
1340,32,387,2,3,2,6,FALSE,1,
1341,32,386,2,1,1,1,FALSE,1,
1342,32,386,2,2,1,5,FALSE,1,
1343,32,386,2,4,1,3,FALSE,1,
1344,32,386,2,5,1,7,FALSE,1,
1345,32,386,2,6,1,5,FALSE,1,
1346,32,398,2,2,1,1,FALSE,1,
1347,32,396,2,1,1,2,FALSE,1,
1348,32,396,2,2,1,5,FALSE,1,
1349,32,396,2,4,1,1,FALSE,1,
1350,32,396,2,5,1,1,FALSE,1,
1351,32,396,2,6,1,3,FALSE,1,
1352,32,50,2,1,1,1,FALSE,1,
1353,32,50,2,4,1,1,FALSE,1,
1354,32,50,2,6,1,1,FALSE,1,
1355,32,143,2,2,1,2,FALSE,1,
1356,32,143,2,4,1,1,FALSE,1,
1357,32,143,2,5,1,3,FALSE,1,
1358,32,143,2,6,1,1,FALSE,1,
1359,32,357,2,1,1,2,FALSE,1,
1360,32,39,2,6,1,1,FALSE,1,
1361,32,163,2,1,1,2,FALSE,1,
1362,32,163,2,2,1,1,FALSE,1,
1363,32,163,2,5,1,2,FALSE,1,
1364,32,163,2,6,1,1,FALSE,1,
1365,32,323,2,1,1,3,FALSE,1,
1366,32,323,2,2,1,1,FALSE,1,
1367,32,323,2,3,1,1,FALSE,1,
1368,32,323,2,4,1,2,FALSE,1,
1369,32,323,2,5,1,1,FALSE,1,
1370,32,323,2,6,1,1,FALSE,1,
1371,32,24,2,3,1,3,FALSE,1,
1372,32,24,2,6,1,1,FALSE,1,
1373,32,358,2,1,1,16,FALSE,1,
1374,32,358,2,2,1,17,FALSE,1,
1375,32,358,2,3,1,5,FALSE,1,
1376,32,358,2,4,1,11,FALSE,1,
1377,32,358,2,5,1,11,FALSE,1,
1378,32,358,2,6,1,8,FALSE,1,
1379,32,361,2,1,1,25,FALSE,1,
1380,32,361,2,2,1,6,FALSE,1,
1381,32,361,2,3,1,33,FALSE,1,
1382,32,361,2,4,1,29,FALSE,1,
1383,32,361,2,5,1,2,FALSE,1,
1384,32,361,2,6,1,13,FALSE,1,
1385,32,360,2,1,1,4,FALSE,1,
1386,32,360,2,3,1,1,FALSE,1,
1387,32,360,2,4,1,1,FALSE,1,
1388,32,359,2,1,1,4,FALSE,1,
1389,32,359,2,2,1,2,FALSE,1,
1390,32,359,2,3,1,5,FALSE,1,
1391,32,359,2,5,1,5,FALSE,1,
1392,32,359,2,6,1,5,FALSE,1,
1393,32,137,2,1,1,3,FALSE,1,
1394,32,137,2,2,1,1,FALSE,1,
1395,32,137,2,3,1,3,FALSE,1,
1396,32,137,2,4,1,3,FALSE,1,
1397,32,137,2,5,1,2,FALSE,1,
1398,32,135,2,1,1,372,FALSE,1,
1399,32,135,2,2,1,163,FALSE,1,
1400,32,135,2,3,1,144,FALSE,1,
1401,32,135,2,4,1,301,FALSE,1,
1402,32,135,2,5,1,93,FALSE,1,
1403,32,135,2,6,1,44,FALSE,1,
1404,32,183,2,1,1,3,FALSE,1,
1405,32,183,2,2,1,7,FALSE,1,
1406,32,183,2,5,1,53,FALSE,1,
1407,32,183,2,6,1,44,FALSE,1,
1408,32,342,2,2,1,1,FALSE,1,
1409,32,342,2,5,1,1,FALSE,1,
1410,32,394,2,1,1,1,FALSE,1,
1411,32,394,2,3,1,6,FALSE,1,
1412,32,214,2,2,1,0.1,FALSE,1,
1413,32,214,2,4,1,8,FALSE,1,
1414,32,214,2,5,1,0.5,FALSE,1,
1415,32,84,2,4,1,0.5,FALSE,1,
1416,32,84,2,5,1,0.1,FALSE,1,
1417,32,84,2,6,1,7,FALSE,1,
1418,32,200,2,4,1,0.1,FALSE,1,
1419,32,200,2,6,1,0.5,FALSE,1,
1420,32,372,2,1,1,2,FALSE,1,
1421,33,132,4,1,1,2,FALSE,1,"2 added"
1422,33,132,4,4,1,4,FALSE,1,"one too small (11mm) replaced"
1423,33,132,4,5,1,2,FALSE,1,"removed, sizes 11, 11mm"
1424,33,132,4,6,1,1,FALSE,1,"removed, 11mm"
1425,33,382,4,1,1,144,FALSE,1,
1426,33,382,4,2,1,7,FALSE,1,
1427,33,382,4,3,1,198,FALSE,1,
1428,33,382,4,4,1,52,FALSE,1,
1429,33,382,4,5,1,67,FALSE,1,
1430,33,382,4,6,1,33,FALSE,1,
1431,33,385,4,1,1,40,FALSE,1,
1432,33,385,4,2,1,25,FALSE,1,
1433,33,385,4,3,1,23,FALSE,1,
1434,33,385,4,4,1,96,FALSE,1,
1435,33,385,4,5,1,129,FALSE,1,
1436,33,385,4,6,1,166,FALSE,1,
1437,33,384,4,1,1,3,FALSE,1,
1438,33,384,4,3,1,3,FALSE,1,
1439,33,384,4,5,1,1,FALSE,1,
1440,33,384,4,6,1,1,FALSE,1,
1441,33,387,4,2,2,9,FALSE,1,
1442,33,386,4,1,1,5,FALSE,1,
1443,33,386,4,4,1,7,FALSE,1,
1444,33,386,4,5,1,2,FALSE,1,
1445,33,386,4,6,1,3,FALSE,1,
1446,33,396,4,1,1,5,FALSE,1,
1447,33,396,4,4,1,4,FALSE,1,
1448,33,396,4,5,1,2,FALSE,1,
1449,33,396,4,6,1,6,FALSE,1,
1450,33,50,4,6,1,1,FALSE,1,
1451,33,143,4,3,1,1,FALSE,1,
1452,33,357,4,6,1,5,FALSE,1,
1453,33,40,4,1,1,1,FALSE,1,
1454,33,40,4,4,1,1,FALSE,1,
1455,33,39,4,3,1,1,FALSE,1,
1456,33,39,4,6,1,1,FALSE,1,
1457,33,163,4,6,1,1,FALSE,1,
1458,33,323,4,1,1,1,FALSE,1,
1459,33,323,4,3,1,1,FALSE,1,
1460,33,323,4,6,1,1,FALSE,1,
1461,33,24,4,1,1,1,FALSE,1,
1462,33,358,4,1,1,17,FALSE,1,
1463,33,358,4,3,1,31,FALSE,1,
1464,33,358,4,4,1,10,FALSE,1,
1465,33,358,4,5,1,17,FALSE,1,
1466,33,358,4,6,1,13,FALSE,1,
1467,33,361,4,1,1,12,FALSE,1,
1468,33,361,4,2,1,5,FALSE,1,
1469,33,361,4,3,1,13,FALSE,1,
1470,33,361,4,4,1,13,FALSE,1,
1471,33,361,4,5,1,42,FALSE,1,
1472,33,361,4,6,1,16,FALSE,1,
1473,33,360,4,6,1,3,FALSE,1,
1474,33,359,4,1,1,2,FALSE,1,
1475,33,359,4,2,1,2,FALSE,1,
1476,33,359,4,3,1,3,FALSE,1,
1477,33,359,4,4,1,3,FALSE,1,
1478,33,359,4,5,1,1,FALSE,1,
1479,33,137,4,1,1,4,FALSE,1,
1480,33,137,4,2,1,12,FALSE,1,
1481,33,137,4,3,1,8,FALSE,1,
1482,33,137,4,4,1,2,FALSE,1,
1483,33,137,4,5,1,12,FALSE,1,
1484,33,137,4,6,1,8,FALSE,1,
1485,33,135,4,1,1,169,FALSE,1,
1486,33,135,4,2,1,69,FALSE,1,
1487,33,135,4,3,1,241,FALSE,1,
1488,33,135,4,4,1,81,FALSE,1,
1489,33,135,4,5,1,177,FALSE,1,
1490,33,135,4,6,1,62,FALSE,1,
1491,33,183,4,1,1,3,FALSE,1,
1492,33,183,4,3,1,4,FALSE,1,
1493,33,183,4,4,1,20,FALSE,1,
1494,33,183,4,5,1,13,FALSE,1,
1495,33,183,4,6,1,12,FALSE,1,
1496,33,33,4,1,1,1,FALSE,1,
1497,33,342,4,4,1,1,FALSE,1,
1498,33,342,4,6,1,2,FALSE,1,
1499,33,394,4,2,1,1,FALSE,1,
1500,33,394,4,5,1,1,FALSE,1,
1501,33,394,4,6,1,1,FALSE,1,
1502,33,214,4,6,1,4,FALSE,1,
1503,34,132,6,2,1,4,FALSE,1,
1504,34,132,6,4,1,4,FALSE,1,
1505,34,382,6,2,1,229,FALSE,1,
1506,34,382,6,4,1,186,FALSE,1,
1507,34,382,6,5,1,173,FALSE,1,
1508,34,382,6,6,1,57,FALSE,1,
1509,34,385,6,1,1,28,FALSE,1,
1510,34,385,6,2,1,211,FALSE,1,
1511,34,385,6,4,1,76,FALSE,1,
1512,34,385,6,5,1,27,FALSE,1,
1513,34,385,6,6,1,59,FALSE,1,
1514,34,384,6,2,1,5,FALSE,1,
1515,34,387,6,1,2,2,FALSE,1,
1516,34,386,6,2,1,3,FALSE,1,
1517,34,386,6,4,1,7,FALSE,1,
1518,34,386,6,5,1,1,FALSE,1,
1519,34,389,6,4,1,1,FALSE,1,
1520,34,396,6,2,1,3,FALSE,1,
1521,34,396,6,4,1,1,FALSE,1,
1522,34,396,6,6,1,2,FALSE,1,
1523,34,50,6,4,1,3,FALSE,1,
1524,34,357,6,4,1,1,FALSE,1,
1525,34,357,6,5,1,2,FALSE,1,
1526,34,40,6,2,1,1,FALSE,1,
1527,34,40,6,6,1,1,FALSE,1,
1528,34,24,6,2,1,1,FALSE,1,
1529,34,326,6,4,1,1,FALSE,1,
1530,34,358,6,2,1,11,FALSE,1,
1531,34,358,6,4,1,26,FALSE,1,
1532,34,358,6,5,1,27,FALSE,1,
1533,34,358,6,6,1,23,FALSE,1,
1534,34,361,6,1,1,4,FALSE,1,
1535,34,361,6,2,1,19,FALSE,1,
1536,34,361,6,4,1,6,FALSE,1,
1537,34,361,6,5,1,8,FALSE,1,
1538,34,361,6,6,1,19,FALSE,1,
1539,34,360,6,2,1,3,FALSE,1,
1540,34,360,6,5,1,2,FALSE,1,
1541,34,360,6,6,1,3,FALSE,1,
1542,34,359,6,1,1,4,FALSE,1,
1543,34,359,6,4,1,1,FALSE,1,
1544,34,359,6,5,1,1,FALSE,1,
1545,34,359,6,6,1,5,FALSE,1,
1546,34,137,6,1,1,24,FALSE,1,
1547,34,137,6,2,1,13,FALSE,1,
1548,34,137,6,4,1,2,FALSE,1,
1549,34,137,6,5,1,5,FALSE,1,
1550,34,137,6,6,1,3,FALSE,1,
1551,34,135,6,1,1,35,FALSE,1,
1552,34,135,6,2,1,445,FALSE,1,
1553,34,135,6,4,1,61,FALSE,1,
1554,34,135,6,5,1,343,FALSE,1,
1555,34,135,6,6,1,215,FALSE,1,
1556,34,183,6,2,1,5,FALSE,1,
1557,34,183,6,4,1,10,FALSE,1,
1558,34,183,6,5,1,7,FALSE,1,
1559,34,183,6,6,1,32,FALSE,1,
1560,34,394,6,1,1,46,FALSE,1,
1561,34,394,6,2,1,5,FALSE,1,
1562,34,394,6,6,1,4,FALSE,1,
1563,34,214,6,2,1,0.5,FALSE,1,
1564,34,200,6,2,1,0.5,FALSE,1,
1565,35,387,1,1,2,468,FALSE,1,
1566,35,387,1,2,2,725,FALSE,1,
1567,35,387,1,3,2,579,FALSE,1,
1568,35,387,1,4,2,592,FALSE,1,
1569,35,387,2,1,2,358,FALSE,1,
1570,35,387,2,2,2,586,FALSE,1,
1571,35,387,2,3,2,820,FALSE,1,
1572,35,387,2,4,2,612,FALSE,1,
1573,35,387,3,1,2,599,FALSE,1,
1574,35,387,3,2,2,512,FALSE,1,
1575,35,387,3,3,2,649,FALSE,1,
1576,35,387,3,4,2,656,FALSE,1,
1577,35,387,4,1,2,100,FALSE,1,
1578,35,387,4,2,2,396,FALSE,1,
1579,35,387,4,3,2,126,FALSE,1,
1580,35,387,4,4,2,247,FALSE,1,
1581,35,387,5,1,2,554,FALSE,1,
1582,35,387,5,2,2,668,FALSE,1,
1583,35,387,5,3,2,763,FALSE,1,
1584,35,387,5,4,2,730,FALSE,1,
1585,35,387,6,1,2,438,FALSE,1,
1586,35,387,6,2,2,303,FALSE,1,
1587,35,387,6,3,2,604,FALSE,1,
1588,35,387,6,4,2,314,FALSE,1,
1589,36,387,1,1,2,495,FALSE,1,
1590,36,387,1,2,2,3,FALSE,1,
1591,36,387,1,3,2,663,FALSE,1,
1592,36,387,1,4,2,530,FALSE,1,
1593,36,387,2,1,2,2,FALSE,1,"+16 encroaching"
1594,36,387,2,2,2,665,FALSE,1,
1595,36,387,2,3,2,934,FALSE,1,
1596,36,387,2,4,2,647,FALSE,1,
1598,36,387,3,1,2,3,FALSE,1,
1599,36,387,3,2,2,517,FALSE,1,"lots of Porphyra cover"
1600,36,387,3,3,2,738,FALSE,1,
1601,36,387,3,4,2,954,FALSE,1,
1602,36,387,4,1,2,17,FALSE,1,
1603,36,387,4,2,2,507,FALSE,1,
1604,36,387,4,3,2,251,FALSE,1,"lots of Porphyra cover"
1605,36,387,4,4,2,265,FALSE,1,
1606,36,387,5,1,2,559,FALSE,1,
1607,36,387,5,2,2,3,FALSE,1,
1608,36,387,5,3,2,741,FALSE,1,
1609,36,387,5,4,2,851,FALSE,1,
1610,36,387,6,1,2,791,FALSE,1,
1611,36,387,6,2,2,420,FALSE,1,
1612,36,387,6,3,2,792,FALSE,1,
1613,36,387,6,4,2,27,FALSE,1,"all recruits"
1615,37,387,1,1,2,535,FALSE,1,
1616,37,387,1,2,2,5,FALSE,1,
1617,37,387,1,3,2,617,FALSE,1,
1618,37,387,1,4,2,601,FALSE,1,
1619,37,387,2,1,2,7,FALSE,1,"+ 9 encroaching"
1620,37,387,2,2,2,543,FALSE,1,
1621,37,387,2,3,2,952,FALSE,1,
1622,37,387,2,4,2,628,FALSE,1,
1623,37,387,3,1,2,9,FALSE,1,
1624,37,387,3,2,2,583,FALSE,1,
1625,37,387,3,3,2,706,FALSE,1,
1626,37,387,3,4,2,1025,FALSE,1,
1627,37,387,4,1,2,17,FALSE,1,
1628,37,387,4,2,2,562,FALSE,1,
1629,37,387,4,3,2,446,FALSE,1,
1630,37,387,4,4,2,293,FALSE,1,
1631,37,387,5,1,2,644,FALSE,1,
1632,37,387,5,2,2,19,FALSE,1,
1633,37,387,5,3,2,644,FALSE,1,
1634,37,387,5,4,2,839,FALSE,1,
1635,37,387,6,1,2,733,FALSE,1,
1636,37,387,6,2,2,256,FALSE,1,
1637,37,387,6,3,2,805,FALSE,1,
1638,37,387,6,4,2,22,FALSE,1,
1639,38,387,1,1,2,535,FALSE,1,
1640,38,387,1,2,2,3,FALSE,1,
1641,38,387,1,3,2,652,FALSE,1,
1642,38,387,1,4,2,541,FALSE,1,
1643,38,387,2,1,2,8,FALSE,1,
1644,38,387,2,2,2,558,FALSE,1,
1645,38,387,2,3,2,900,FALSE,1,
1646,38,387,2,4,2,573,FALSE,1,
1647,38,387,3,1,2,7,FALSE,1,
1648,38,387,3,2,2,533,FALSE,1,"lots of Porphyra"
1649,38,387,3,3,2,786,FALSE,1,
1650,38,387,3,4,2,1110,FALSE,1,
1651,38,387,4,1,2,55,FALSE,1,
1652,38,387,4,2,2,577,FALSE,1,
1653,38,387,4,3,2,470,FALSE,1,
1654,38,387,4,4,2,333,FALSE,1,
1655,38,387,5,1,2,664,FALSE,1,"lots of sand"
1656,38,387,5,2,2,17,FALSE,1,
1657,38,387,5,3,2,679,FALSE,1,
1658,38,387,5,4,2,923,FALSE,1,
1659,38,387,6,1,2,745,FALSE,1,
1660,38,387,6,2,2,298,FALSE,1,
1661,38,387,6,3,2,769,FALSE,1,
1662,38,387,6,4,2,17,FALSE,1,
1663,39,132,3,2,1,4,FALSE,1,"1 @ 7mm"
1664,39,132,3,3,1,5,FALSE,1,
1665,39,132,3,4,1,2,FALSE,1,"5, 7mm"
1666,39,382,3,1,1,6,FALSE,1,
1667,39,382,3,2,1,135,FALSE,1,
1668,39,382,3,3,1,182,FALSE,1,
1669,39,382,3,4,1,214,FALSE,1,
1670,39,385,3,1,1,3,FALSE,1,
1671,39,385,3,2,1,28,FALSE,1,
1672,39,385,3,3,1,6,FALSE,1,
1673,39,385,3,4,1,6,FALSE,1,
1674,39,387,3,1,2,5,FALSE,1,
1675,39,386,3,2,1,9,FALSE,1,
1676,39,386,3,3,1,8,FALSE,1,
1677,39,386,3,4,1,5,FALSE,1,
1678,39,143,3,3,1,1,FALSE,1,
1679,39,357,3,4,1,1,FALSE,1,
1680,39,39,3,1,1,3,FALSE,1,"recruits"
1681,39,39,3,2,1,1,FALSE,1,"recruits"
1682,39,323,3,1,1,2,FALSE,1,
1683,39,323,3,3,1,1,FALSE,1,
1684,39,323,3,4,1,3,FALSE,1,
1685,39,24,3,2,1,1,FALSE,1,
1686,39,24,3,4,1,2,FALSE,1,
1687,39,358,3,2,1,5,FALSE,1,
1688,39,358,3,3,1,21,FALSE,1,
1689,39,358,3,4,1,17,FALSE,1,
1690,39,360,3,1,1,1,FALSE,1,
1691,39,361,3,1,1,15,FALSE,1,
1692,39,361,3,2,1,1,FALSE,1,
1693,39,361,3,3,1,5,FALSE,1,
1694,39,361,3,4,1,1,FALSE,1,
1695,39,137,3,1,1,25,FALSE,1,
1696,39,137,3,2,1,1,FALSE,1,
1697,39,137,3,3,1,4,FALSE,1,
1698,39,135,3,1,1,220,FALSE,1,
1699,39,135,3,2,1,13,FALSE,1,
1700,39,135,3,3,1,131,FALSE,1,
1701,39,135,3,4,1,42,FALSE,1,
1702,39,183,3,2,1,6,FALSE,1,
1703,39,183,3,3,1,1,FALSE,1,
1704,39,183,3,4,1,13,FALSE,1,
1705,39,213,3,2,1,1,FALSE,1,
1706,39,394,3,2,1,12,FALSE,1,
1707,39,84,3,1,1,0.1,FALSE,1,
1708,39,84,3,2,1,0.1,FALSE,1,
1709,39,200,3,1,1,0.5,FALSE,1,
1710,39,200,3,2,1,0.5,FALSE,1,
1711,39,200,3,3,1,0.1,FALSE,1,
1712,39,200,3,4,1,0.1,FALSE,1,
1713,39,109,3,2,1,0.5,FALSE,1,
1714,39,109,3,3,1,0.1,FALSE,1,
1715,39,374,3,2,1,1,FALSE,1,
1716,39,356,3,2,1,0.1,FALSE,1,
1717,39,214,3,2,1,10,FALSE,1,
1718,39,214,3,3,1,5,FALSE,1,
1719,39,214,3,4,1,11,FALSE,1,
1720,39,132,2,1,1,1,FALSE,1,
1721,39,132,2,2,1,2,FALSE,1,
1722,39,132,2,3,1,10,FALSE,1,"size: 11, 9, 8, 6, 9, 7, 6, 6, 6, 6"
1723,39,132,2,1,1,11,FALSE,1,"8, 7, 7, 7, 3, 5, 5, 5"
1724,39,382,2,1,1,29,FALSE,1,
1725,39,382,2,2,1,146,FALSE,1,
1726,39,382,2,3,1,88,FALSE,1,
1727,39,382,2,4,1,256,FALSE,1,
1728,39,385,2,1,1,23,FALSE,1,
1729,39,385,2,2,1,56,FALSE,1,
1730,39,385,2,3,1,134,FALSE,1,
1731,39,385,2,4,1,99,FALSE,1,
1732,39,384,2,2,1,2,FALSE,1,
1733,39,384,2,3,1,2,FALSE,1,
1734,39,384,2,4,1,2,FALSE,1,
1735,39,387,2,1,2,13,FALSE,1,"plus 20 moved in from side"
1736,39,386,2,1,1,1,FALSE,1,
1737,39,386,2,2,1,4,FALSE,1,
1738,39,386,2,3,1,22,FALSE,1,
1739,39,386,2,4,1,28,FALSE,1,
1740,39,50,2,2,1,1,FALSE,1,
1741,39,50,2,4,1,1,FALSE,1,
1742,39,143,2,4,1,1,FALSE,1,
1743,39,39,2,1,1,1,FALSE,1,
1744,39,163,2,3,1,1,FALSE,1,
1745,39,323,2,1,1,4,FALSE,1,
1746,39,323,2,2,1,3,FALSE,1,
1747,39,323,2,2,1,2,FALSE,1,
1748,39,323,2,4,1,1,FALSE,1,
1749,39,24,2,1,1,1,FALSE,1,
1750,39,24,2,2,1,2,FALSE,1,
1751,39,358,2,1,1,2,FALSE,1,
1752,39,358,2,2,1,12,FALSE,1,
1753,39,358,2,3,1,13,FALSE,1,
1754,39,358,2,4,1,13,FALSE,1,
1755,39,361,2,1,1,42,FALSE,1,
1756,39,361,2,2,1,23,FALSE,1,
1757,39,361,2,3,1,5,FALSE,1,
1758,39,361,2,4,1,13,FALSE,1,
1759,39,137,2,1,1,13,FALSE,1,
1760,39,137,2,2,1,13,FALSE,1,
1761,39,135,2,1,1,91,FALSE,1,
1762,39,135,2,2,1,235,FALSE,1,
1763,39,135,2,3,1,5,FALSE,1,
1764,39,135,2,4,1,34,FALSE,1,
1765,39,183,2,1,1,1,FALSE,1,
1766,39,183,2,2,1,2,FALSE,1,
1767,39,183,2,3,1,9,FALSE,1,
1768,39,183,2,4,1,41,FALSE,1,
1769,39,23,2,1,1,60,FALSE,1,
1770,39,23,2,2,1,65,FALSE,1,
1771,39,23,2,3,1,6,FALSE,1,
1772,39,23,2,4,1,20,FALSE,1,
1773,39,84,2,4,1,0.1,FALSE,1,
1774,39,200,2,2,1,0.1,FALSE,1,
1775,39,200,2,4,1,0.5,FALSE,1,
1776,39,374,2,4,1,1,FALSE,1,
1777,39,23,3,1,1,99,FALSE,1,
1778,39,23,3,2,1,14,FALSE,1,
1779,39,23,3,3,1,17,FALSE,1,
1780,39,23,3,4,1,2,FALSE,1,
1781,39,132,1,1,1,3,FALSE,1,"sizes: 9, 17, 7"
1782,39,132,1,4,1,5,FALSE,1,"sizes: 5, 5"
1783,39,132,1,3,1,1,FALSE,1,
1785,39,382,1,1,1,141,FALSE,1,
1786,39,382,1,4,1,299,FALSE,1,
1787,39,382,1,3,1,47,FALSE,1,
1788,39,382,1,2,1,6,FALSE,1,
1789,39,385,1,1,1,1,FALSE,1,
1790,39,385,1,4,1,10,FALSE,1,
1791,39,385,1,3,1,6,FALSE,1,
1792,39,385,1,2,1,9,FALSE,1,
1793,39,387,1,2,2,5,FALSE,1,
1794,39,386,1,1,1,6,FALSE,1,
1795,39,386,1,4,1,7,FALSE,1,
1796,39,386,1,3,1,3,FALSE,1,
1797,39,396,1,4,1,1,FALSE,1,
1798,39,396,1,2,1,1,FALSE,1,"rec"
1799,39,50,1,1,1,2,FALSE,1,
1800,39,143,1,4,1,1,FALSE,1,
1801,39,39,1,3,1,1,FALSE,1,
1802,39,39,1,2,1,1,FALSE,1,"recruits"
1803,39,163,1,1,1,1,FALSE,1,
1804,39,323,1,4,1,5,FALSE,1,
1805,39,323,1,3,1,2,FALSE,1,
1806,39,323,1,2,1,1,FALSE,1,
1807,39,24,1,4,1,4,FALSE,1,
1808,39,358,1,1,1,2,FALSE,1,
1809,39,358,1,4,1,2,FALSE,1,
1810,39,358,1,3,1,13,FALSE,1,
1811,39,359,1,2,1,3,FALSE,1,
1812,39,361,1,1,1,1,FALSE,1,
1813,39,361,1,3,1,3,FALSE,1,
1814,39,361,1,2,1,5,FALSE,1,
1815,39,137,1,1,1,1,FALSE,1,
1816,39,135,1,1,1,2,FALSE,1,
1817,39,135,1,4,1,2,FALSE,1,
1818,39,135,1,3,1,29,FALSE,1,
1819,39,135,1,2,1,78,FALSE,1,
1820,39,183,1,1,1,40,FALSE,1,
1821,39,183,1,4,1,6,FALSE,1,
1822,39,183,1,3,1,9,FALSE,1,
1823,39,183,1,2,1,1,FALSE,1,
1824,39,23,1,1,1,15,FALSE,1,
1825,39,23,1,4,1,8,FALSE,1,
1826,39,23,1,3,1,9,FALSE,1,
1827,39,23,1,2,1,98,FALSE,1,
1828,39,84,1,4,1,0.5,FALSE,1,
1829,39,84,1,3,1,0.5,FALSE,1,
1830,39,200,1,4,1,0.1,FALSE,1,
1831,39,200,1,2,1,0.1,FALSE,1,
1832,39,109,1,1,1,2,FALSE,1,
1833,39,109,1,4,1,0.1,FALSE,1,
1834,39,11,1,4,1,4,FALSE,1,"0.1 percent"
1835,39,374,1,4,1,2,FALSE,1,
1836,39,214,1,1,1,4,FALSE,1,
1837,39,214,1,3,1,4,FALSE,1,
1838,40,132,5,1,1,4,FALSE,1,"3 mm"
1839,40,132,5,3,1,2,FALSE,1,
1840,40,382,5,1,1,10,FALSE,1,
1841,40,382,5,2,1,11,FALSE,1,
1842,40,382,5,3,1,23,FALSE,1,
1843,40,382,5,4,1,27,FALSE,1,
1844,40,385,5,1,1,186,FALSE,1,
1845,40,385,5,2,1,16,FALSE,1,
1846,40,385,5,3,1,18,FALSE,1,
1847,40,385,5,4,1,99,FALSE,1,
1848,40,384,5,1,1,8,FALSE,1,
1849,40,384,5,3,1,1,FALSE,1,
1850,40,384,5,4,1,2,FALSE,1,
1851,40,391,5,4,1,1,FALSE,1,
1852,40,387,5,2,2,27,FALSE,1,
1853,40,386,5,1,1,15,FALSE,1,
1854,40,386,5,3,1,14,FALSE,1,
1855,40,386,5,4,1,6,FALSE,1,
1856,40,50,5,3,1,1,FALSE,1,
1857,40,143,5,4,1,1,FALSE,1,
1858,40,357,5,4,1,1,FALSE,1,
1859,40,40,5,2,1,1,FALSE,1,
1860,40,39,5,2,1,1,FALSE,1,"recruit"
1861,40,39,5,3,1,1,FALSE,1,"recruit"
1862,40,323,5,1,1,4,FALSE,1,
1863,40,323,5,2,1,4,FALSE,1,
1864,40,323,5,3,1,3,FALSE,1,
1865,40,24,5,4,1,1,FALSE,1,
1866,40,358,5,1,1,4,FALSE,1,
1867,40,358,5,2,1,1,FALSE,1,
1868,40,358,5,3,1,14,FALSE,1,
1869,40,358,5,4,1,4,FALSE,1,
1870,40,359,5,2,1,1,FALSE,1,
1871,40,361,5,1,1,4,FALSE,1,
1872,40,361,5,2,1,8,FALSE,1,
1873,40,137,5,1,1,9,FALSE,1,
1874,40,137,5,2,1,24,FALSE,1,
1875,40,137,5,3,1,12,FALSE,1,
1876,40,137,5,4,1,1,FALSE,1,
1877,40,135,5,1,1,240,FALSE,1,
1878,40,135,5,2,1,280,FALSE,1,
1879,40,135,5,3,1,64,FALSE,1,
1880,40,135,5,4,1,69,FALSE,1,
1881,40,183,5,1,1,3,FALSE,1,
1882,40,183,5,2,1,3,FALSE,1,
1883,40,183,5,3,1,1,FALSE,1,
1884,40,183,5,4,1,10,FALSE,1,
1885,40,23,5,1,1,25,FALSE,1,
1886,40,23,5,2,1,99,FALSE,1,
1887,40,23,5,3,1,45,FALSE,1,
1888,40,23,5,4,1,5,FALSE,1,
1889,40,84,5,1,1,0.5,FALSE,1,
1890,40,84,5,2,1,0.1,FALSE,1,
1891,40,84,5,3,1,0.1,FALSE,1,
1892,40,200,5,1,1,0.1,FALSE,1,
1893,40,200,5,2,1,0.1,FALSE,1,
1894,40,200,5,3,1,0.1,FALSE,1,
1895,40,200,5,4,1,1,FALSE,1,
1896,40,109,5,1,1,1,FALSE,1,
1897,40,109,5,3,1,0.1,FALSE,1,
1898,40,109,5,4,1,0.1,FALSE,1,
1899,40,214,5,1,1,10,FALSE,1,
1900,40,132,4,2,1,3,FALSE,1,"5, 5, 5"
1901,40,132,4,3,1,5,FALSE,1,"6, 6"
1902,40,382,4,1,1,105,FALSE,1,
1903,40,382,4,2,1,245,FALSE,1,
1904,40,382,4,3,1,681,FALSE,1,
1905,40,382,4,4,1,247,FALSE,1,
1906,40,385,4,1,1,23,FALSE,1,
1907,40,385,4,2,1,33,FALSE,1,
1908,40,385,4,3,1,42,FALSE,1,
1909,40,385,4,4,1,47,FALSE,1,
1910,40,384,4,3,1,1,FALSE,1,
1911,40,387,4,1,2,37,FALSE,1,
1912,40,386,4,2,1,10,FALSE,1,
1913,40,386,4,3,1,5,FALSE,1,
1914,40,386,4,4,1,2,FALSE,1,
1915,40,163,4,4,1,1,FALSE,1,
1916,40,323,4,1,1,2,FALSE,1,
1917,40,323,4,2,1,9,FALSE,1,
1918,40,323,4,3,1,9,FALSE,1,
1919,40,323,4,4,1,7,FALSE,1,
1920,40,24,4,2,1,2,FALSE,1,
1921,40,24,4,3,1,8,FALSE,1,
1922,40,358,4,1,1,2,FALSE,1,
1923,40,358,4,2,1,8,FALSE,1,
1924,40,358,4,3,1,3,FALSE,1,
1925,40,358,4,4,1,3,FALSE,1,
1926,40,359,4,1,1,1,FALSE,1,
1927,40,359,4,2,1,1,FALSE,1,
1928,40,360,4,3,1,2,FALSE,1,
1929,40,361,4,1,1,30,FALSE,1,
1930,40,361,4,2,1,4,FALSE,1,
1931,40,361,4,3,1,39,FALSE,1,
1932,40,361,4,4,1,20,FALSE,1,
1933,40,137,4,1,1,17,FALSE,1,
1934,40,137,4,3,1,6,FALSE,1,
1935,40,135,4,1,1,213,FALSE,1,
1936,40,135,4,2,1,166,FALSE,1,
1937,40,135,4,3,1,337,FALSE,1,
1938,40,135,4,4,1,98,FALSE,1,
1939,40,183,4,1,1,3,FALSE,1,
1940,40,183,4,2,1,17,FALSE,1,
1941,40,183,4,3,1,3,FALSE,1,
1942,40,183,4,4,1,87,FALSE,1,
1943,40,394,4,3,1,11,FALSE,1,
1944,40,23,4,1,1,70,FALSE,1,
1945,40,23,4,2,1,8,FALSE,1,
1946,40,23,4,3,1,7,FALSE,1,
1947,40,23,4,4,1,16,FALSE,1,
1948,40,84,4,4,1,0.1,FALSE,1,
1949,40,200,4,2,1,0.1,FALSE,1,
1950,40,200,4,3,1,0.5,FALSE,1,
1951,40,200,4,4,1,0.5,FALSE,1,
1952,40,132,6,1,1,6,FALSE,1,"6, 7, 5"
1953,40,132,6,3,1,2,FALSE,1,"5, 5"
1954,40,382,6,1,1,210,FALSE,1,
1955,40,382,6,2,1,267,FALSE,1,
1956,40,382,6,3,1,36,FALSE,1,
1957,40,382,6,4,1,47,FALSE,1,
1958,40,385,6,1,1,147,FALSE,1,
1959,40,385,6,2,1,192,FALSE,1,
1960,40,385,6,3,1,57,FALSE,1,
1961,40,385,6,4,1,41,FALSE,1,
1962,40,384,6,1,1,3,FALSE,1,
1963,40,384,6,2,1,3,FALSE,1,
1964,40,384,6,3,1,2,FALSE,1,
1965,40,384,6,4,1,3,FALSE,1,
1966,40,387,6,4,2,45,FALSE,1,
1967,40,386,6,1,1,9,FALSE,1,
1968,40,386,6,2,1,3,FALSE,1,
1969,40,386,6,3,1,6,FALSE,1,
1970,40,396,6,1,1,1,FALSE,1,
1971,40,50,6,3,1,1,FALSE,1,
1972,40,323,6,3,1,1,FALSE,1,
1973,40,24,6,1,1,2,FALSE,1,
1974,40,358,6,1,1,12,FALSE,1,
1975,40,358,6,2,1,6,FALSE,1,
1976,40,358,6,3,1,6,FALSE,1,
1977,40,358,6,4,1,4,FALSE,1,
1978,40,360,6,2,1,1,FALSE,1,
1979,40,361,6,1,1,8,FALSE,1,
1980,40,361,6,2,1,17,FALSE,1,
1981,40,361,6,3,1,2,FALSE,1,
1982,40,361,6,4,1,3,FALSE,1,
1983,40,137,6,1,1,2,FALSE,1,
1984,40,137,6,2,1,25,FALSE,1,
1985,40,137,6,4,1,35,FALSE,1,
1986,40,135,6,1,1,83,FALSE,1,
1987,40,135,6,2,1,420,FALSE,1,
1988,40,135,6,3,1,59,FALSE,1,
1989,40,135,6,4,1,165,FALSE,1,
1990,40,183,6,1,1,3,FALSE,1,
1991,40,183,6,2,1,3,FALSE,1,
1992,40,183,6,3,1,11,FALSE,1,
1993,40,33,6,3,1,1,FALSE,1,
1994,40,23,6,1,1,1,FALSE,1,
1995,40,23,6,2,1,13,FALSE,1,
1996,40,23,6,3,1,9,FALSE,1,
1997,40,23,6,4,1,40,FALSE,1,
1998,40,200,6,1,1,0.1,FALSE,1,
1999,40,214,6,1,1,3,FALSE,1,
2000,40,214,6,2,1,0.5,FALSE,1,
2001,40,214,6,3,1,1,FALSE,1,
2002,41,132,3,1,1,1,FALSE,1,
2003,41,132,3,2,1,7,FALSE,1,"5, 6, 7"
2004,41,132,3,4,1,2,FALSE,1,"8, 7"
2005,41,132,3,5,1,9,FALSE,1,
2006,41,132,3,6,1,5,FALSE,1,"5"
2007,41,382,3,1,1,34,FALSE,1,
2008,41,382,3,2,1,304,FALSE,1,
2009,41,382,3,3,1,122,FALSE,1,
2010,41,382,3,4,1,93,FALSE,1,
2011,41,382,3,5,1,324,FALSE,1,
2012,41,382,3,6,1,53,FALSE,1,
2013,41,385,3,1,1,2,FALSE,1,
2014,41,385,3,2,1,397,FALSE,1,
2015,41,385,3,3,1,302,FALSE,1,
2016,41,385,3,4,1,274,FALSE,1,
2017,41,385,3,5,1,450,FALSE,1,
2018,41,385,3,6,1,263,FALSE,1,
2019,41,384,3,2,1,3,FALSE,1,
2020,41,384,3,3,1,1,FALSE,1,
2021,41,384,3,4,1,1,FALSE,1,
2022,41,384,3,5,1,5,FALSE,1,
2023,41,384,3,6,1,4,FALSE,1,
2024,41,387,3,1,2,1,FALSE,1,
2025,41,386,3,2,1,8,FALSE,1,
2026,41,386,3,3,1,2,FALSE,1,
2027,41,386,3,5,1,2,FALSE,1,
2028,41,386,3,6,1,10,FALSE,1,
2029,41,396,3,2,1,2,FALSE,1,
2030,41,396,3,3,1,4,FALSE,1,
2031,41,396,3,4,1,2,FALSE,1,
2032,41,396,3,5,1,1,FALSE,1,
2033,41,396,3,6,1,6,FALSE,1,
2034,41,395,3,2,1,1,FALSE,1,
2035,41,50,3,2,1,1,FALSE,1,
2036,41,50,3,4,1,1,FALSE,1,
2037,41,50,3,5,1,2,FALSE,1,
2038,41,50,3,6,1,3,FALSE,1,
2039,41,143,3,4,1,1,FALSE,1,
2040,41,357,3,3,1,1,FALSE,1,
2041,41,357,3,6,1,1,FALSE,1,
2042,41,40,3,1,1,2,FALSE,1,
2043,41,40,3,2,1,1,FALSE,1,
2044,41,39,3,3,1,1,FALSE,1,
2045,41,39,3,5,1,1,FALSE,1,
2046,41,323,3,4,1,1,FALSE,1,
2047,41,323,3,6,1,1,FALSE,1,
2048,41,24,3,6,1,1,FALSE,1,
2049,41,358,3,2,1,15,FALSE,1,
2050,41,358,3,3,1,28,FALSE,1,
2051,41,358,3,4,1,25,FALSE,1,
2052,41,358,3,5,1,3,FALSE,1,
2053,41,358,3,6,1,10,FALSE,1,
2054,41,359,3,5,1,1,FALSE,1,
2055,41,359,3,6,1,1,FALSE,1,
2056,41,361,3,2,1,8,FALSE,1,
2057,41,361,3,3,1,8,FALSE,1,
2058,41,361,3,4,1,7,FALSE,1,
2059,41,361,3,5,1,5,FALSE,1,
2060,41,361,3,6,1,3,FALSE,1,
2061,41,137,3,1,1,5,FALSE,1,
2062,41,137,3,2,1,7,FALSE,1,
2063,41,137,3,3,1,1,FALSE,1,
2064,41,137,3,4,1,2,FALSE,1,
2065,41,137,3,5,1,2,FALSE,1,
2066,41,135,3,1,1,149,FALSE,1,
2067,41,135,3,2,1,184,FALSE,1,
2068,41,135,3,3,1,86,FALSE,1,
2069,41,135,3,4,1,117,FALSE,1,
2070,41,135,3,5,1,123,FALSE,1,
2071,41,135,3,6,1,71,FALSE,1,
2072,41,183,3,2,1,9,FALSE,1,
2073,41,183,3,3,1,8,FALSE,1,
2074,41,183,3,4,1,14,FALSE,1,
2075,41,183,3,5,1,11,FALSE,1,
2076,41,183,3,6,1,17,FALSE,1,
2077,41,33,3,3,1,1,FALSE,1,
2078,41,342,3,2,1,1,FALSE,1,
2079,41,394,3,2,1,3,FALSE,1,
2080,41,200,3,6,1,0.1,FALSE,1,
2081,41,23,3,1,1,99,FALSE,1,
2082,41,23,3,2,1,15,FALSE,1,
2083,41,23,3,3,1,4,FALSE,1,
2084,41,23,3,4,1,5,FALSE,1,
2085,41,23,3,5,1,60,FALSE,1,
2086,41,23,3,6,1,45,FALSE,1,
2087,41,109,3,2,1,1,FALSE,1,
2088,41,109,3,3,1,0.5,FALSE,1,
2089,41,109,3,4,1,0.5,FALSE,1,
2090,41,214,3,2,1,0.5,FALSE,1,
2091,41,214,3,3,1,0.5,FALSE,1,
2092,41,132,4,1,1,4,FALSE,1,
2093,41,132,4,4,1,4,FALSE,1,
2094,41,132,4,6,1,4,FALSE,1,"5, 7, 5, 4"
2095,41,382,4,1,1,145,FALSE,1,
2096,41,382,4,2,1,60,FALSE,1,
2097,41,382,4,3,1,145,FALSE,1,
2098,41,382,4,4,1,61,FALSE,1,
2099,41,382,4,5,1,65,FALSE,1,
2100,41,382,4,6,1,33,FALSE,1,
2101,41,385,4,1,1,51,FALSE,1,
2102,41,385,4,2,1,22,FALSE,1,
2103,41,385,4,3,1,24,FALSE,1,
2104,41,385,4,4,1,107,FALSE,1,
2105,41,385,4,5,1,132,FALSE,1,
2106,41,385,4,6,1,159,FALSE,1,
2107,41,384,4,1,1,5,FALSE,1,
2108,41,384,4,3,1,4,FALSE,1,
2109,41,384,4,4,1,2,FALSE,1,
2110,41,384,4,5,1,3,FALSE,1,
2111,41,384,4,6,1,9,FALSE,1,
2112,41,387,4,2,2,10,FALSE,1,
2113,41,386,4,1,1,4,FALSE,1,
2114,41,386,4,3,1,4,FALSE,1,
2115,41,386,4,5,1,2,FALSE,1,
2116,41,386,4,6,1,6,FALSE,1,
2117,41,396,4,1,1,1,FALSE,1,
2118,41,396,4,4,1,2,FALSE,1,
2119,41,396,4,6,1,5,FALSE,1,
2120,41,50,4,6,1,1,FALSE,1,
2121,41,143,4,3,1,1,FALSE,1,
2122,41,378,4,6,1,1,FALSE,1,
2123,41,40,4,2,1,1,FALSE,1,
2124,41,39,4,6,1,1,FALSE,1,
2125,41,163,4,6,1,1,FALSE,1,
2126,41,323,4,1,1,1,FALSE,1,
2127,41,323,4,3,1,2,FALSE,1,
2128,41,323,4,6,1,2,FALSE,1,
2129,41,358,4,1,1,11,FALSE,1,
2130,41,358,4,3,1,17,FALSE,1,
2131,41,358,4,4,1,12,FALSE,1,
2132,41,358,4,5,1,24,FALSE,1,
2133,41,358,4,6,1,19,FALSE,1,
2134,41,359,4,2,1,1,FALSE,1,
2135,41,359,4,4,1,4,FALSE,1,
2136,41,360,4,3,1,1,FALSE,1,
2137,41,361,4,1,1,4,FALSE,1,
2138,41,361,4,2,1,15,FALSE,1,
2139,41,361,4,3,1,15,FALSE,1,
2140,41,361,4,4,1,10,FALSE,1,
2141,41,361,4,5,1,13,FALSE,1,
2142,41,361,4,6,1,6,FALSE,1,
2143,41,137,4,2,1,9,FALSE,1,
2144,41,137,4,3,1,4,FALSE,1,
2145,41,137,4,5,1,4,FALSE,1,
2146,41,137,4,6,1,1,FALSE,1,
2147,41,135,4,1,1,36,FALSE,1,
2148,41,135,4,2,1,314,FALSE,1,
2149,41,135,4,3,1,315,FALSE,1,
2150,41,135,4,4,1,15,FALSE,1,
2151,41,135,4,5,1,156,FALSE,1,
2152,41,135,4,6,1,22,FALSE,1,
2153,41,183,4,1,1,4,FALSE,1,
2154,41,183,4,3,1,1,FALSE,1,
2155,41,183,4,4,1,12,FALSE,1,
2156,41,183,4,5,1,4,FALSE,1,
2157,41,183,4,6,1,8,FALSE,1,
2158,41,394,4,3,1,2,FALSE,1,
2159,41,394,4,5,1,2,FALSE,1,
2160,41,23,4,1,1,12,FALSE,1,
2161,41,23,4,2,1,35,FALSE,1,
2162,41,23,4,3,1,7,FALSE,1,
2163,41,23,4,4,1,50,FALSE,1,
2164,41,23,4,5,1,17,FALSE,1,
2165,41,23,4,6,1,9,FALSE,1,
2166,41,356,4,1,1,0.1,FALSE,1,
2167,41,200,4,1,1,0.1,FALSE,1,
2168,41,214,4,1,1,0.1,FALSE,1,
2169,41,214,4,5,1,0.5,FALSE,1,
2170,41,214,4,6,1,0.1,FALSE,1,
2171,41,132,2,1,1,1,FALSE,1,"7mm"
2172,41,132,2,2,1,4,FALSE,1,
2173,41,132,2,5,1,2,FALSE,1,
2174,41,132,2,6,1,7,FALSE,1,"7, 5, 5"
2175,41,382,2,1,1,68,FALSE,1,
2176,41,382,2,2,1,216,FALSE,1,
2177,41,382,2,3,1,35,FALSE,1,
2178,41,382,2,4,1,46,FALSE,1,
2179,41,382,2,5,1,92,FALSE,1,
2180,41,382,2,6,1,136,FALSE,1,
2181,41,385,2,1,1,104,FALSE,1,
2182,41,385,2,2,1,53,FALSE,1,
2183,41,385,2,3,1,30,FALSE,1,
2184,41,385,2,4,1,155,FALSE,1,
2185,41,385,2,5,1,53,FALSE,1,
2186,41,385,2,6,1,189,FALSE,1,
2187,41,384,2,1,1,12,FALSE,1,
2188,41,384,2,4,1,14,FALSE,1,
2189,41,384,2,5,1,6,FALSE,1,
2190,41,384,2,6,1,20,FALSE,1,
2191,41,391,2,6,1,2,FALSE,1,
2192,41,387,2,3,2,5,FALSE,1,
2193,41,386,2,2,1,7,FALSE,1,
2194,41,386,2,4,1,3,FALSE,1,
2195,41,386,2,5,1,2,FALSE,1,
2196,41,386,2,6,1,8,FALSE,1,
2197,41,398,2,4,1,1,FALSE,1,
2198,41,396,2,1,1,2,FALSE,1,
2199,41,396,2,2,1,1,FALSE,1,
2200,41,396,2,4,1,1,FALSE,1,
2201,41,396,2,5,1,1,FALSE,1,
2202,41,396,2,6,1,4,FALSE,1,
2203,41,395,2,6,1,1,FALSE,1,
2204,41,50,2,1,1,1,FALSE,1,
2205,41,50,2,4,1,1,FALSE,1,
2206,41,50,2,5,1,1,FALSE,1,
2207,41,50,2,6,1,1,FALSE,1,
2208,41,143,2,4,1,1,FALSE,1,
2209,41,378,2,6,1,3,FALSE,1,
2210,41,357,2,1,1,1,FALSE,1,
2211,41,39,2,6,1,1,FALSE,1,
2212,41,163,2,1,1,1,FALSE,1,
2213,41,163,2,2,1,1,FALSE,1,
2214,41,163,2,4,1,1,FALSE,1,
2215,41,163,2,5,1,1,FALSE,1,
2216,41,163,2,6,1,1,FALSE,1,
2217,41,323,2,1,1,3,FALSE,1,
2218,41,323,2,3,1,5,FALSE,1,
2219,41,323,2,4,1,1,FALSE,1,
2220,41,323,2,5,1,1,FALSE,1,
2221,41,24,2,1,1,1,FALSE,1,
2222,41,24,2,2,1,1,FALSE,1,
2223,41,24,2,3,1,2,FALSE,1,
2224,41,358,2,1,1,24,FALSE,1,
2225,41,358,2,2,1,10,FALSE,1,
2226,41,358,2,3,1,4,FALSE,1,
2227,41,358,2,4,1,24,FALSE,1,
2228,41,358,2,5,1,6,FALSE,1,
2229,41,358,2,6,1,4,FALSE,1,
2230,41,359,2,5,1,1,FALSE,1,
2231,41,359,2,6,1,1,FALSE,1,
2232,41,360,2,1,1,1,FALSE,1,
2233,41,360,2,2,1,1,FALSE,1,
2234,41,361,2,1,1,21,FALSE,1,
2235,41,361,2,2,1,3,FALSE,1,
2236,41,361,2,3,1,18,FALSE,1,
2237,41,361,2,4,1,15,FALSE,1,
2238,41,361,2,5,1,5,FALSE,1,
2239,41,361,2,6,1,2,FALSE,1,
2240,41,137,2,1,1,2,FALSE,1,
2241,41,137,2,2,1,1,FALSE,1,
2242,41,137,2,3,1,2,FALSE,1,
2243,41,135,2,1,1,99,FALSE,1,
2244,41,135,2,2,1,11,FALSE,1,
2245,41,135,2,3,1,133,FALSE,1,
2246,41,135,2,4,1,54,FALSE,1,
2247,41,135,2,5,1,48,FALSE,1,
2248,41,135,2,6,1,8,FALSE,1,
2249,41,183,2,1,1,14,FALSE,1,
2250,41,183,2,2,1,15,FALSE,1,
2251,41,183,2,4,1,8,FALSE,1,
2252,41,183,2,5,1,14,FALSE,1,
2253,41,183,2,6,1,20,FALSE,1,
2254,41,33,2,2,1,1,FALSE,1,
2255,41,394,2,3,1,2,FALSE,1,
2256,41,23,2,1,1,8,FALSE,1,
2257,41,23,2,2,1,7,FALSE,1,
2258,41,23,2,3,1,95,FALSE,1,
2259,41,23,2,4,1,35,FALSE,1,
2260,41,23,2,5,1,48,FALSE,1,
2261,41,23,2,6,1,12,FALSE,1,
2262,41,84,2,1,1,0.1,FALSE,1,
2263,41,84,2,2,1,0.1,FALSE,1,
2264,41,84,2,4,1,1,FALSE,1,
2265,41,84,2,5,1,1,FALSE,1,
2266,41,84,2,6,1,5,FALSE,1,
2267,41,200,2,1,1,0.1,FALSE,1,
2268,41,200,2,4,1,1,FALSE,1,
2269,41,200,2,5,1,0.1,FALSE,1,
2270,41,200,2,6,1,0.5,FALSE,1,
2271,41,374,2,6,1,9,FALSE,1,
2272,41,214,2,1,1,0.5,FALSE,1,
2273,41,214,2,2,1,0.5,FALSE,1,
2274,41,214,2,4,1,1,FALSE,1,
2275,41,214,2,5,1,1,FALSE,1,
2276,41,214,2,6,1,0.1,FALSE,1,
2277,41,132,1,2,1,3,FALSE,1,
2278,41,132,1,6,1,5,FALSE,1,"1 dead: 6mm"
2279,41,392,1,5,1,1,FALSE,1,
2280,41,382,1,1,1,54,FALSE,1,
2281,41,382,1,2,1,98,FALSE,1,
2282,41,382,1,3,1,101,FALSE,1,
2283,41,382,1,4,1,175,FALSE,1,
2284,41,382,1,5,1,108,FALSE,1,
2285,41,382,1,6,1,189,FALSE,1,
2286,41,385,1,2,1,8,FALSE,1,
2287,41,385,1,3,1,18,FALSE,1,
2288,41,385,1,4,1,8,FALSE,1,
2289,41,385,1,5,1,3,FALSE,1,
2290,41,385,1,6,1,22,FALSE,1,
2291,41,384,1,2,1,13,FALSE,1,
2292,41,384,1,3,1,2,FALSE,1,
2293,41,384,1,6,1,2,FALSE,1,
2294,41,386,1,2,1,12,FALSE,1,
2295,41,386,1,3,1,1,FALSE,1,
2296,41,386,1,4,1,4,FALSE,1,
2297,41,386,1,6,1,6,FALSE,1,
2298,41,396,1,3,1,1,FALSE,1,
2299,41,396,1,4,1,1,FALSE,1,
2300,41,396,1,5,1,1,FALSE,1,
2301,41,50,1,4,1,1,FALSE,1,
2302,41,143,1,3,1,1,FALSE,1,
2303,41,357,1,5,1,1,FALSE,1,
2304,41,24,1,6,1,1,FALSE,1,
2305,41,358,1,2,1,23,FALSE,1,
2306,41,358,1,3,1,34,FALSE,1,
2307,41,358,1,4,1,26,FALSE,1,
2308,41,358,1,5,1,11,FALSE,1,
2309,41,358,1,6,1,23,FALSE,1,
2310,41,359,1,2,1,1,FALSE,1,
2311,41,360,1,2,1,1,FALSE,1,
2312,41,361,1,2,1,5,FALSE,1,
2313,41,361,1,3,1,1,FALSE,1,
2314,41,361,1,4,1,4,FALSE,1,
2315,41,361,1,5,1,4,FALSE,1,
2316,41,361,1,6,1,3,FALSE,1,
2317,41,137,1,1,1,34,FALSE,1,
2318,41,137,1,2,1,26,FALSE,1,
2319,41,137,1,3,1,9,FALSE,1,
2320,41,137,1,4,1,17,FALSE,1,
2321,41,137,1,5,1,24,FALSE,1,
2322,41,137,1,6,1,28,FALSE,1,
2323,41,135,1,1,1,205,FALSE,1,
2324,41,135,1,2,1,332,FALSE,1,
2325,41,135,1,3,1,175,FALSE,1,
2326,41,135,1,4,1,425,FALSE,1,
2327,41,135,1,5,1,489,FALSE,1,
2328,41,135,1,6,1,345,FALSE,1,
2329,41,183,1,2,1,3,FALSE,1,
2330,41,183,1,3,1,4,FALSE,1,
2331,41,183,1,4,1,2,FALSE,1,
2332,41,183,1,5,1,1,FALSE,1,
2333,41,183,1,6,1,1,FALSE,1,
2334,41,342,1,5,1,1,FALSE,1,
2335,41,394,1,2,1,7,FALSE,1,
2336,41,394,1,4,1,7,FALSE,1,
2337,41,394,1,5,1,19,FALSE,1,
2338,41,23,1,1,1,99,FALSE,1,
2339,41,23,1,2,1,25,FALSE,1,
2340,41,23,1,3,1,1,FALSE,1,
2341,41,23,1,4,1,18,FALSE,1,
2342,41,23,1,5,1,5,FALSE,1,
2343,41,23,1,6,1,8,FALSE,1,
2344,41,200,1,2,1,0.1,FALSE,1,
2345,41,200,1,3,1,0.1,FALSE,1,
2346,41,200,1,4,1,0.1,FALSE,1,
2347,41,200,1,6,1,0.1,FALSE,1,
2348,41,109,1,3,1,1,FALSE,1,
2349,41,109,1,4,1,0.5,FALSE,1,
2350,41,109,1,6,1,0.5,FALSE,1,
2351,41,11,1,3,1,1,FALSE,1,
2352,41,214,1,4,1,0.5,FALSE,1,
2353,42,132,5,1,1,5,FALSE,1,"3"
2354,42,132,5,3,1,20,FALSE,1,
2355,42,132,5,4,1,1,FALSE,1,"8"
2356,42,132,5,6,1,5,FALSE,1,"9"
2357,42,382,5,1,1,264,FALSE,1,
2358,42,382,5,2,1,6,FALSE,1,
2359,42,382,5,3,1,381,FALSE,1,
2360,42,382,5,4,1,63,FALSE,1,
2361,42,382,5,5,1,35,FALSE,1,
2362,42,382,5,6,1,91,FALSE,1,
2363,42,385,5,1,1,113,FALSE,1,
2364,42,385,5,2,1,108,FALSE,1,
2365,42,385,5,3,1,363,FALSE,1,
2366,42,385,5,4,1,236,FALSE,1,
2367,42,385,5,5,1,90,FALSE,1,
2368,42,385,5,6,1,127,FALSE,1,
2369,42,384,5,1,1,3,FALSE,1,
2370,42,384,5,2,1,15,FALSE,1,
2371,42,384,5,3,1,11,FALSE,1,
2372,42,384,5,4,1,8,FALSE,1,
2373,42,384,5,5,1,2,FALSE,1,
2374,42,384,5,6,1,11,FALSE,1,
2375,42,391,5,4,1,2,FALSE,1,
2376,42,387,5,5,2,34,FALSE,1,
2377,42,386,5,1,1,4,FALSE,1,
2378,42,386,5,2,1,3,FALSE,1,
2379,42,386,5,3,1,5,FALSE,1,
2380,42,386,5,4,1,3,FALSE,1,
2381,42,386,5,6,1,5,FALSE,1,
2382,42,396,5,4,1,9,FALSE,1,
2383,42,396,5,6,1,2,FALSE,1,
2384,42,50,5,3,1,2,FALSE,1,
2385,42,50,5,4,1,1,FALSE,1,
2386,42,50,5,6,1,1,FALSE,1,
2387,42,143,5,3,1,2,FALSE,1,
2388,42,357,5,2,1,1,FALSE,1,
2389,42,358,5,1,1,13,FALSE,1,
2390,42,358,5,2,1,4,FALSE,1,
2391,42,358,5,3,1,5,FALSE,1,
2392,42,358,5,4,1,9,FALSE,1,
2393,42,358,5,5,1,2,FALSE,1,
2394,42,358,5,6,1,25,FALSE,1,
2395,42,361,5,1,1,2,FALSE,1,
2396,42,361,5,2,1,3,FALSE,1,
2397,42,361,5,3,1,6,FALSE,1,
2398,42,361,5,4,1,7,FALSE,1,
2399,42,361,5,5,1,10,FALSE,1,
2400,42,361,5,6,1,5,FALSE,1,
2401,42,360,5,1,1,2,FALSE,1,
2402,42,360,5,2,1,1,FALSE,1,
2403,42,360,5,6,1,1,FALSE,1,
2404,42,359,5,3,1,1,FALSE,1,
2405,42,137,5,1,1,6,FALSE,1,
2406,42,137,5,3,1,2,FALSE,1,
2407,42,137,5,5,1,16,FALSE,1,
2408,42,135,5,1,1,124,FALSE,1,
2409,42,135,5,2,1,40,FALSE,1,
2410,42,135,5,3,1,111,FALSE,1,
2411,42,135,5,4,1,30,FALSE,1,
2412,42,135,5,5,1,206,FALSE,1,
2413,42,135,5,6,1,22,FALSE,1,
2414,42,183,5,1,1,11,FALSE,1,
2415,42,183,5,2,1,2,FALSE,1,
2416,42,183,5,3,1,8,FALSE,1,
2417,42,183,5,4,1,9,FALSE,1,
2418,42,183,5,6,1,6,FALSE,1,
2419,42,214,5,2,1,0.1,FALSE,1,
2420,42,214,5,6,1,0.1,FALSE,1,
2421,42,200,5,1,1,0.1,FALSE,1,
2422,42,200,5,3,1,0.1,FALSE,1,
2423,42,200,5,4,1,0.1,FALSE,1,
2424,42,109,5,2,1,1,FALSE,1,
2425,42,132,6,2,1,4,FALSE,1,
2426,42,132,6,6,1,1,FALSE,1,"6"
2427,42,132,6,4,1,6,FALSE,1,"8, 4"
2428,42,382,6,1,1,11,FALSE,1,
2429,42,382,6,2,1,235,FALSE,1,
2430,42,382,6,6,1,63,FALSE,1,
2431,42,382,6,4,1,115,FALSE,1,
2432,42,382,6,5,1,187,FALSE,1,
2433,42,385,6,1,1,28,FALSE,1,
2434,42,385,6,2,1,96,FALSE,1,
2435,42,385,6,6,1,66,FALSE,1,
2436,42,385,6,4,1,70,FALSE,1,
2437,42,385,6,5,1,28,FALSE,1,
2438,42,384,6,2,1,5,FALSE,1,
2439,42,384,6,4,1,6,FALSE,1,
2440,42,387,6,1,2,1,FALSE,1,
2441,42,386,6,2,1,2,FALSE,1,
2442,42,386,6,4,1,1,FALSE,1,
2443,42,389,6,4,1,1,FALSE,1,
2444,42,396,6,2,1,3,FALSE,1,
2445,42,396,6,4,1,1,FALSE,1,
2446,42,50,6,4,1,2,FALSE,1,
2447,42,357,6,4,1,1,FALSE,1,
2448,42,357,6,5,1,2,FALSE,1,
2449,42,323,6,1,1,2,FALSE,1,
2450,42,323,6,2,1,1,FALSE,1,
2452,42,24,6,2,1,1,FALSE,1,
2453,42,358,6,1,1,7,FALSE,1,
2454,42,358,6,2,1,22,FALSE,1,
2455,42,358,6,6,1,36,FALSE,1,
2456,42,358,6,4,1,17,FALSE,1,
2457,42,358,6,5,1,20,FALSE,1,
2458,42,361,6,1,1,10,FALSE,1,
2459,42,361,6,2,1,4,FALSE,1,
2460,42,361,6,6,1,5,FALSE,1,
2461,42,361,6,4,1,7,FALSE,1,
2462,42,361,6,5,1,3,FALSE,1,
2463,42,360,6,1,1,1,FALSE,1,
2464,42,360,6,2,1,1,FALSE,1,
2465,42,359,6,1,1,1,FALSE,1,
2466,42,137,6,1,1,26,FALSE,1,
2467,42,137,6,2,1,6,FALSE,1,
2468,42,137,6,4,1,3,FALSE,1,
2469,42,137,6,5,1,4,FALSE,1,
2470,42,135,6,1,1,77,FALSE,1,
2471,42,135,6,2,1,127,FALSE,1,
2472,42,135,6,6,1,77,FALSE,1,
2473,42,135,6,4,1,34,FALSE,1,
2474,42,135,6,5,1,233,FALSE,1,
2475,42,183,6,1,1,1,FALSE,1,
2476,42,183,6,2,1,1,FALSE,1,
2477,42,183,6,6,1,26,FALSE,1,
2478,42,183,6,4,1,15,FALSE,1,
2479,42,183,6,5,1,6,FALSE,1,
2480,42,394,6,1,1,3,FALSE,1,
2481,42,394,6,2,1,2,FALSE,1,
2482,42,214,6,2,1,1,FALSE,1,
2483,42,214,6,4,1,2,FALSE,1,
2484,42,214,6,5,1,0.5,FALSE,1,
2485,42,200,6,2,1,0.5,FALSE,1,
2486,42,200,6,4,1,0.1,FALSE,1,
2487,42,374,6,2,1,7,FALSE,1,
2488,42,374,6,4,1,8,FALSE,1,
2489,43,387,1,1,2,203,FALSE,1,
2490,43,387,1,2,2,568,FALSE,1,
2491,43,387,2,3,2,363,FALSE,1,
2492,43,387,2,5,2,418,FALSE,1,
2493,43,387,3,1,2,23,FALSE,1,
2494,43,387,3,5,2,140,FALSE,1,
2495,43,387,4,2,2,599,FALSE,1,
2496,43,387,4,3,2,660,FALSE,1,
2497,43,387,5,3,2,361,FALSE,1,
2498,43,387,5,5,2,656,FALSE,1,
2499,43,387,6,1,2,327,FALSE,1,
2500,43,387,6,5,2,448,FALSE,1,
2501,44,387,1,3,2,589,FALSE,1,
2502,44,387,1,4,2,349,FALSE,1,
2503,44,387,1,5,2,364,FALSE,1,
2504,44,387,1,6,2,673,FALSE,1,
2505,44,387,2,1,2,233,FALSE,1,
2506,44,387,2,2,2,578,FALSE,1,
2507,44,387,2,4,2,451,FALSE,1,
2508,44,387,2,6,2,240,FALSE,1,
2509,44,387,3,2,2,122,FALSE,1,
2510,44,387,3,3,2,152,FALSE,1,
2511,44,387,3,4,2,160,FALSE,1,
2512,44,387,3,6,2,161,FALSE,1,
2513,44,387,4,1,2,550,FALSE,1,
2514,44,387,4,4,2,402,FALSE,1,
2515,44,387,4,5,2,290,FALSE,1,
2516,44,387,4,6,2,233,FALSE,1,
2517,44,387,5,1,2,262,FALSE,1,
2518,44,387,5,2,2,495,FALSE,1,
2519,44,387,5,4,2,309,FALSE,1,
2520,44,387,5,6,2,495,FALSE,1,
2521,44,387,6,2,2,258,FALSE,1,
2522,44,387,6,3,2,512,FALSE,1,
2523,44,387,6,4,2,447,FALSE,1,
2524,44,387,6,6,2,141,FALSE,1,
2525,45,387,1,1,2,0,FALSE,1,
2526,45,387,1,2,2,522,FALSE,1,
2527,45,387,1,3,2,749,FALSE,1,
2528,45,387,1,4,2,353,FALSE,1,
2529,45,387,1,5,2,442,FALSE,1,"high porphyra cover"
2530,45,387,1,6,2,757,FALSE,1,
2531,45,387,2,1,2,658,FALSE,1,
2532,45,387,2,2,2,1045,FALSE,1,
2533,45,387,2,3,2,6,FALSE,1,
2534,45,387,2,4,2,707,FALSE,1,
2535,45,387,2,5,2,472,FALSE,1,
2536,45,387,2,6,2,288,FALSE,1,
2537,45,387,3,1,2,0,FALSE,1,
2538,45,387,3,2,2,316,FALSE,1,
2539,45,387,3,3,2,363,FALSE,1,
2540,45,387,3,4,2,618,FALSE,1,
2541,45,387,3,5,2,114,FALSE,1,
2542,45,387,3,6,2,381,FALSE,1,
2543,45,387,4,1,2,750,FALSE,1,
2544,45,387,4,2,2,8,FALSE,1,
2545,45,387,4,3,2,840,FALSE,1,
2546,45,387,4,4,2,388,FALSE,1,
2547,45,387,4,5,2,446,FALSE,1,
2548,45,387,4,6,2,790,FALSE,1,"some porphyra cover"
2549,45,387,5,1,2,394,FALSE,1,
2550,45,387,5,2,2,1110,FALSE,1,
2551,45,387,5,3,2,430,FALSE,1,
2552,45,387,5,4,2,641,FALSE,1,"some porphyra cover"
2553,45,387,5,5,2,13,FALSE,1,
2554,45,387,5,6,2,746,FALSE,1,
2555,45,387,6,1,2,1,FALSE,1,"porphyra cover"
2556,45,387,6,2,2,523,FALSE,1,"some porphyra cover"
2557,45,387,6,4,2,648,FALSE,1,
2558,45,387,6,5,2,611,FALSE,1,
2559,45,387,6,6,2,429,FALSE,1,
2561,46,387,1,1,2,0,FALSE,1,
2562,46,387,1,2,2,525,FALSE,1,
2563,46,387,1,3,2,711,FALSE,1,
2564,46,387,1,4,2,382,FALSE,1,"porphyra cover"
2565,46,387,1,5,2,499,FALSE,1,"porphyra cover"
2566,46,387,1,6,2,768,FALSE,1,
2568,46,387,2,1,2,612,FALSE,1,
2569,46,387,2,2,2,1027,FALSE,1,
2570,46,387,2,3,2,2,FALSE,1,
2571,46,387,2,4,2,658,FALSE,1,
2572,46,387,2,5,2,395,FALSE,1,
2573,46,387,2,6,2,265,FALSE,1,
2574,46,387,3,1,2,3,FALSE,1,
2575,46,387,3,2,2,280,FALSE,1,
2576,46,387,3,3,2,376,FALSE,1,
2577,46,387,3,4,2,530,FALSE,1,
2578,46,387,3,5,2,77,FALSE,1,
2579,46,387,3,6,2,343,FALSE,1,
2580,46,387,4,1,2,682,FALSE,1,
2581,46,387,4,2,2,1,FALSE,1,
2582,46,387,4,3,2,798,FALSE,1,
2583,46,387,4,4,2,393,FALSE,1,
2584,46,387,4,5,2,438,FALSE,1,
2585,46,387,4,6,2,752,FALSE,1,
2586,46,387,5,1,2,374,FALSE,1,
2587,46,387,5,2,2,939,FALSE,1,
2588,46,387,5,3,2,168,FALSE,1,
2589,46,387,5,4,2,695,FALSE,1,
2590,46,387,5,5,2,17,FALSE,1,
2591,46,387,5,6,2,676,FALSE,1,
2592,46,387,6,1,2,2,FALSE,1,
2593,46,387,6,2,2,469,FALSE,1,"some porphyra cover"
2594,46,387,6,4,2,609,FALSE,1,
2595,46,387,6,5,2,535,FALSE,1,
2596,46,387,6,6,2,416,FALSE,1,
2598,47,387,1,1,2,0,FALSE,1,
2599,47,387,1,2,2,564,FALSE,1,
2600,47,387,1,3,2,765,FALSE,1,
2601,47,387,1,4,2,407,FALSE,1,
2602,47,387,1,5,2,561,FALSE,1,
2603,47,387,1,6,2,732,FALSE,1,
2604,47,387,2,1,2,773,FALSE,1,
2605,47,387,2,2,2,1066,FALSE,1,
2606,47,387,2,3,2,7,FALSE,1,
2607,47,387,2,4,2,790,FALSE,1,
2608,47,387,2,5,2,440,FALSE,1,
2609,47,387,2,6,2,291,FALSE,1,
2610,47,387,3,1,2,3,FALSE,1,
2611,47,387,3,2,2,340,FALSE,1,
2612,47,387,3,3,2,465,FALSE,1,
2613,47,387,3,4,2,593,FALSE,1,
2614,47,387,3,5,2,113,FALSE,1,
2615,47,387,3,6,2,363,FALSE,1,
2616,47,387,4,1,2,710,FALSE,1,
2617,47,387,4,2,2,1,FALSE,1,
2618,47,387,4,3,2,677,FALSE,1,
2619,47,387,4,4,2,361,FALSE,1,
2620,47,387,4,5,2,423,FALSE,1,
2621,47,387,4,6,2,757,FALSE,1,
2622,47,387,5,1,2,471,FALSE,1,
2623,47,387,5,2,2,1037,FALSE,1,
2624,47,387,5,3,2,200,FALSE,1,
2625,47,387,5,4,2,775,FALSE,1,
2626,47,387,5,5,2,35,FALSE,1,
2627,47,387,5,6,2,754,FALSE,1,
2628,47,387,6,1,2,1,FALSE,1,
2629,47,387,6,2,2,659,FALSE,1,
2630,47,387,6,4,2,614,FALSE,1,
2631,47,387,6,5,2,548,FALSE,1,
2632,47,387,6,6,2,439,FALSE,1,
2633,48,387,3,6,2,221,FALSE,1,
2634,49,387,1,6,2,730,FALSE,1,
2635,49,387,2,2,2,597,FALSE,1,
2636,49,387,4,1,2,573,FALSE,1,
2637,49,387,5,6,2,586,FALSE,1,
2638,50,387,4,4,2,382,FALSE,1,
2639,50,387,6,4,2,672,FALSE,1,
2640,51,387,1,3,2,766,FALSE,1,
2641,51,387,2,4,2,611,FALSE,1,
2642,51,387,5,2,2,1041,FALSE,1,
2643,51,387,6,4,2,616,FALSE,1,
2644,52,387,2,2,2,1056,FALSE,1,
2645,52,387,4,4,2,389,FALSE,1,
2646,52,387,6,4,2,655,FALSE,1,
2647,53,387,1,1,2,474,FALSE,1,
2648,53,387,2,3,2,815,FALSE,1,
2649,53,387,3,2,2,509,FALSE,1,
2650,53,387,4,2,2,410,FALSE,1,
2651,54,387,2,3,2,1026,FALSE,1,
2652,54,387,4,3,2,234,FALSE,1,
2653,54,387,5,1,2,633,FALSE,1,
2654,54,387,6,3,2,872,FALSE,1,
2655,55,387,1,4,2,580,FALSE,1,
2656,55,387,2,4,2,662,FALSE,1,
2657,55,387,4,3,2,419,FALSE,1,
2658,55,387,5,4,2,899,FALSE,1,
2659,55,387,6,3,2,768,FALSE,1,
2660,56,387,5,1,2,618,FALSE,1,
2661,56,387,6,1,2,766,FALSE,1,
2662,56,387,6,3,2,805,FALSE,1,
